ts,crawl_done,index_done
2025-05-07T20:33:07.932841,0,0
2025-05-07T20:33:08.628948,0,0
2025-05-07T20:33:09.933461,0,0
2025-05-07T20:33:10.631451,0,0
2025-05-07T20:33:11.935965,0,0
2025-05-07T20:33:12.633165,0,0
2025-05-07T20:33:13.939373,0,0
2025-05-07T20:33:14.635037,0,0
2025-05-07T20:33:15.942339,0,0
2025-05-07T20:33:16.638497,0,0
2025-05-07T20:33:17.945034,0,0
2025-05-07T20:33:18.641381,0,0
2025-05-07T20:33:19.947184,0,0
2025-05-07T20:33:20.643726,0,0
2025-05-07T20:33:21.950530,0,0
2025-05-07T20:33:22.646782,0,0
2025-05-07T20:33:23.953192,0,0
2025-05-07T20:33:24.649052,0,0
2025-05-07T20:33:25.955957,0,0
2025-05-07T20:33:26.651743,0,0
2025-05-07T20:33:27.961384,0,0
2025-05-07T20:33:28.657187,0,0
2025-05-07T20:33:29.959658,0,0
2025-05-07T20:33:30.656831,0,0
2025-05-07T20:33:31.961978,0,0
2025-05-07T20:33:32.659272,0,0
2025-05-07T20:33:33.963515,0,0
2025-05-07T20:33:34.660353,0,0
2025-05-07T20:33:35.966055,0,0
2025-05-07T20:33:36.661749,0,0
2025-05-07T20:33:37.969235,0,0
2025-05-07T20:33:38.663644,0,0
2025-05-07T20:33:39.971241,0,0
2025-05-07T20:33:40.666253,0,0
2025-05-07T20:33:41.974178,0,0
2025-05-07T20:33:42.667835,0,0
2025-05-07T20:33:43.976359,0,0
2025-05-07T20:33:44.670176,0,0
2025-05-07T20:33:45.977749,0,0
2025-05-07T20:33:46.672757,0,0
2025-05-07T20:33:47.980612,0,0
2025-05-07T20:33:48.675378,0,0
2025-05-07T20:33:49.982442,0,0
2025-05-07T20:33:50.677741,0,0
2025-05-07T20:33:51.984116,0,0
2025-05-07T20:33:52.680174,0,0
2025-05-07T20:33:53.986322,0,0
2025-05-07T20:33:54.681741,0,0
2025-05-07T20:33:55.988114,0,0
2025-05-07T20:33:56.685065,0,0
2025-05-07T20:33:57.990357,0,0
2025-05-07T20:33:58.687636,0,0
2025-05-07T20:33:59.989291,0,0
2025-05-07T20:34:00.687343,0,0
2025-05-07T20:34:01.991584,0,0
2025-05-07T20:34:02.689318,0,0
2025-05-07T20:34:03.994423,0,0
2025-05-07T20:34:04.691292,0,0
2025-05-07T20:34:05.996873,0,0
2025-05-07T20:34:06.693009,0,0
2025-05-07T20:34:08.000411,0,0
2025-05-07T20:34:08.695947,0,0
2025-05-07T20:34:10.002875,0,0
2025-05-07T20:34:10.698328,0,0
2025-05-07T20:34:12.003372,0,0
2025-05-07T20:34:12.699172,0,0
2025-05-07T20:34:14.006143,0,0
2025-05-07T20:34:14.701978,0,0
2025-05-07T20:34:16.006715,0,0
2025-05-07T20:34:16.703982,0,0
2025-05-07T20:34:18.008592,0,0
2025-05-07T20:34:18.706160,0,0
2025-05-07T20:34:20.010904,0,0
2025-05-07T20:34:20.707969,0,0
2025-05-07T20:34:22.012431,0,0
2025-05-07T20:34:22.710373,0,0
2025-05-07T20:34:24.014474,0,0
2025-05-07T20:34:24.712548,0,0
2025-05-07T20:34:26.016757,0,0
2025-05-07T20:34:26.715566,0,0
2025-05-07T20:34:28.018657,0,0
2025-05-07T20:34:28.716880,0,0
2025-05-07T20:34:30.018713,0,0
2025-05-07T20:34:30.716865,0,0
2025-05-07T20:34:32.020922,0,0
2025-05-07T20:34:32.719252,0,0
2025-05-07T20:34:34.024353,0,0
2025-05-07T20:34:34.721414,0,0
2025-05-07T20:34:36.026506,0,0
2025-05-07T20:34:36.724026,0,0
2025-05-07T20:34:38.028047,0,0
2025-05-07T20:34:38.726602,0,0
2025-05-07T20:34:40.030008,0,0
2025-05-07T20:34:40.728559,0,0
2025-05-07T20:34:42.031838,0,0
2025-05-07T20:34:42.731570,0,0
2025-05-07T20:34:44.035006,0,0
2025-05-07T20:34:44.734165,0,0
2025-05-07T20:34:46.037742,0,0
2025-05-07T20:34:46.737182,0,0
2025-05-07T20:34:48.039844,0,0
2025-05-07T20:34:48.739260,0,0
2025-05-07T20:34:50.041992,0,0
2025-05-07T20:34:50.741313,0,0
2025-05-07T20:34:52.044808,0,0
2025-05-07T20:34:52.743587,0,0
2025-05-07T20:34:54.047244,0,0
2025-05-07T20:34:54.754932,0,0
2025-05-07T20:34:56.050441,0,0
2025-05-07T20:34:56.755441,0,0
2025-05-07T20:34:58.052777,0,0
2025-05-07T20:34:58.757724,0,0
2025-05-07T20:35:00.053645,0,0
2025-05-07T20:35:00.758118,0,0
2025-05-07T20:35:02.054898,0,0
2025-05-07T20:35:02.760034,0,0
2025-05-07T20:35:04.056066,0,0
2025-05-07T20:35:04.761589,0,0
2025-05-07T20:35:06.057983,0,0
2025-05-07T20:35:06.763240,0,0
2025-05-07T20:35:08.059997,0,0
2025-05-07T20:35:08.764543,0,0
2025-05-07T20:35:10.061205,0,0
2025-05-07T20:35:10.766769,0,0
2025-05-07T20:35:12.063562,0,0
2025-05-07T20:35:12.768562,0,0
2025-05-07T20:35:14.065143,0,0
2025-05-07T20:35:14.770533,0,0
2025-05-07T20:35:16.065853,0,0
2025-05-07T20:35:16.772620,0,0
2025-05-07T20:35:18.068434,0,0
2025-05-07T20:35:18.773944,0,0
2025-05-07T20:35:20.070204,0,0
2025-05-07T20:35:20.776051,0,0
2025-05-07T20:35:22.072125,0,0
2025-05-07T20:35:22.777779,0,0
2025-05-07T20:35:24.075042,0,0
2025-05-07T20:35:24.779859,0,0
2025-05-07T20:35:26.076376,0,0
2025-05-07T20:35:26.782139,0,0
2025-05-07T20:35:28.078514,0,0
2025-05-07T20:35:28.784324,0,0
2025-05-07T20:35:30.079022,0,0
2025-05-07T20:35:30.784809,0,0
2025-05-07T20:35:32.080855,0,0
2025-05-07T20:35:32.786673,0,0
2025-05-07T20:35:34.082797,0,0
2025-05-07T20:35:34.789045,0,0
2025-05-07T20:35:36.084886,0,0
2025-05-07T20:35:36.791640,0,0
2025-05-07T20:35:38.087070,0,0
2025-05-07T20:35:38.794297,0,0
2025-05-07T20:35:40.089438,0,0
2025-05-07T20:35:40.796459,0,0
2025-05-07T20:35:42.091847,0,0
2025-05-07T20:35:42.798990,0,0
2025-05-07T20:35:44.094167,0,0
2025-05-07T20:35:44.800784,0,0
2025-05-07T20:35:46.096255,0,0
2025-05-07T20:35:46.802631,0,0
2025-05-07T20:35:48.098123,0,0
2025-05-07T22:37:05.316952,0,0
2025-05-07T22:37:06.572648,0,0
2025-05-07T22:37:07.294387,0,0
2025-05-07T22:37:08.575589,0,0
2025-05-07T22:37:09.297647,0,0
2025-05-07T22:51:00.037262,0,0
2025-05-07T22:51:00.756252,0,0
2025-05-07T22:51:02.038288,0,0
2025-05-07T22:51:02.759256,0,0
2025-05-07T22:51:04.040069,0,0
2025-05-07T23:09:36.138260,0,0
2025-05-07T23:09:37.420770,0,0
2025-05-07T23:09:38.138708,0,0
2025-05-07T23:09:39.423942,0,0
2025-05-07T23:09:40.141887,0,0
2025-05-07T23:09:41.425804,0,0
2025-05-07T23:09:42.144532,0,0
2025-05-07T23:09:43.428091,0,0
2025-05-07T23:09:44.147018,0,0
2025-05-07T23:09:45.430839,0,0
2025-05-07T23:09:46.149904,0,0
2025-05-07T23:09:47.432723,0,0
2025-05-07T23:09:48.152034,0,0
2025-05-07T23:09:49.435363,0,0
2025-05-07T23:09:50.154314,0,0
2025-05-07T23:09:51.437476,0,0
2025-05-07T23:09:52.155781,0,0
2025-05-07T23:09:53.439375,0,0
2025-05-07T23:09:54.157984,0,0
2025-05-07T23:09:55.441601,0,0
2025-05-07T23:09:56.160234,0,0
2025-05-07T23:09:57.444056,0,0
2025-05-07T23:09:58.162515,0,0
2025-05-07T23:09:59.447591,0,0
2025-05-07T23:10:00.165157,0,0
2025-05-07T23:10:01.449650,0,0
2025-05-07T23:10:02.167705,0,0
2025-05-07T23:10:03.451865,0,0
2025-05-07T23:10:04.169626,0,0
2025-05-07T23:10:05.454490,0,0
2025-05-07T23:10:06.172452,0,0
2025-05-07T23:10:07.454957,0,0
2025-05-07T23:10:08.172766,0,0
2025-05-07T23:10:09.457488,0,0
2025-05-07T23:10:10.175105,0,0
2025-05-07T23:10:11.459211,0,0
2025-05-07T23:10:12.178315,0,0
2025-05-07T23:10:13.462250,0,0
2025-05-07T23:10:14.181381,0,0
2025-05-07T23:10:15.465346,0,0
2025-05-07T23:10:16.185401,0,0
2025-05-07T23:10:17.467234,0,0
2025-05-07T23:10:18.187268,0,0
2025-05-07T23:10:19.470327,0,0
2025-05-07T23:10:20.189892,0,0
2025-05-07T23:10:21.472753,0,0
2025-05-07T23:10:22.191528,0,0
2025-05-07T23:10:23.474826,0,0
2025-05-07T23:10:24.194227,0,0
2025-05-07T23:10:25.477573,0,0
2025-05-07T23:10:26.197188,0,0
2025-05-07T23:10:27.480939,0,0
2025-05-07T23:10:28.198955,0,0
2025-05-07T23:10:29.482263,0,0
2025-05-07T23:10:30.201072,0,0
2025-05-07T23:10:31.484692,0,0
2025-05-07T23:10:32.203669,0,0
2025-05-07T23:10:33.486374,0,0
2025-05-07T23:10:34.204632,0,0
2025-05-07T23:10:35.488439,0,0
2025-05-07T23:10:36.206711,0,0
2025-05-07T23:10:37.488592,0,0
2025-05-07T23:10:38.206982,0,0
2025-05-07T23:10:39.490944,0,0
2025-05-07T23:10:40.208716,0,0
2025-05-07T23:10:41.493393,0,0
2025-05-07T23:10:42.210450,0,0
2025-05-07T23:10:43.495723,0,0
2025-05-07T23:10:44.213707,0,0
2025-05-07T23:10:45.498544,0,0
2025-05-07T23:10:46.215146,0,0
2025-05-07T23:10:47.501013,0,0
2025-05-07T23:10:48.217915,0,0
2025-05-07T23:10:49.503307,0,0
2025-05-07T23:10:50.220724,0,0
2025-05-07T23:10:51.505155,0,0
2025-05-07T23:10:52.223323,0,0
2025-05-07T23:10:53.508006,0,0
2025-05-07T23:10:54.227231,0,0
2025-05-07T23:10:55.510017,0,0
2025-05-07T23:10:56.228974,0,0
2025-05-07T23:10:57.511649,0,0
2025-05-07T23:10:58.232386,0,0
2025-05-07T23:10:59.513563,0,0
2025-05-07T23:11:00.235354,0,0
2025-05-07T23:11:01.515032,0,0
2025-05-07T23:11:02.238590,0,0
2025-05-07T23:11:03.518246,0,0
2025-05-07T23:11:04.241932,0,0
2025-05-07T23:11:05.518622,0,0
2025-05-07T23:11:06.245533,0,0
2025-05-07T23:11:07.520244,0,0
2025-05-07T23:11:08.247383,0,0
2025-05-07T23:11:09.522309,0,0
2025-05-07T23:11:10.250435,0,0
2025-05-07T23:11:11.524337,0,0
2025-05-07T23:11:12.253392,0,0
2025-05-07T23:11:13.526697,0,0
2025-05-07T23:11:14.256236,0,0
2025-05-07T23:11:15.529586,0,0
2025-05-07T23:11:16.258792,0,0
2025-05-07T23:11:17.532062,0,0
2025-05-07T23:11:18.261269,0,0
2025-05-07T23:11:19.534750,0,0
2025-05-07T23:11:20.263318,0,0
2025-05-07T23:11:21.536272,0,0
2025-05-07T23:11:22.266001,0,0
2025-05-07T23:11:23.538421,0,0
2025-05-07T23:11:24.268621,0,0
2025-05-07T23:11:25.540608,0,0
2025-05-07T23:11:26.271138,0,0
2025-05-07T23:11:27.543633,0,0
2025-05-07T23:11:28.274306,0,0
2025-05-07T23:11:29.547219,0,0
2025-05-07T23:11:30.277115,0,0
2025-05-07T23:11:31.547793,0,0
2025-05-07T23:11:32.279744,0,0
2025-05-07T23:11:33.550518,0,0
2025-05-07T23:11:34.282227,0,0
2025-05-07T23:11:35.552131,0,0
2025-05-07T23:11:36.285440,0,0
2025-05-07T23:11:37.548145,0,0
2025-05-07T23:11:38.282332,0,0
2025-05-07T23:11:39.550840,0,0
2025-05-07T23:11:40.285134,0,0
2025-05-07T23:11:41.552632,0,0
2025-05-07T23:11:42.287828,0,0
2025-05-07T23:11:43.556168,0,0
2025-05-07T23:11:44.291491,0,0
2025-05-07T23:11:45.558886,0,0
2025-05-07T23:11:46.294768,0,0
2025-05-07T23:11:47.562831,0,0
2025-05-07T23:11:48.297757,0,0
2025-05-07T23:11:49.565839,0,0
2025-05-07T23:11:50.301376,0,0
2025-05-07T23:11:51.568670,0,0
2025-05-07T23:11:52.305446,0,0
2025-05-07T23:11:53.571683,0,0
2025-05-07T23:11:54.308454,0,0
2025-05-07T23:11:55.574826,0,0
2025-05-07T23:11:56.313343,0,0
2025-05-07T23:11:57.576788,0,0
2025-05-07T23:11:58.316374,0,0
2025-05-07T23:11:59.580313,0,0
2025-05-07T23:12:00.319892,0,0
2025-05-07T23:12:01.583612,0,0
2025-05-07T23:12:02.322563,0,0
2025-05-07T23:12:03.586834,0,0
2025-05-07T23:12:04.326225,0,0
2025-05-07T23:12:05.591293,0,0
2025-05-07T23:12:06.329980,0,0
2025-05-07T23:12:07.591742,0,0
2025-05-07T23:12:08.330805,0,0
2025-05-07T23:12:09.594926,0,0
2025-05-07T23:12:10.335554,0,0
2025-05-07T23:12:11.599324,0,0
2025-05-07T23:12:12.338779,0,0
2025-05-07T23:12:13.602297,0,0
2025-05-07T23:12:14.343140,0,0
2025-05-07T23:12:15.605771,0,0
2025-05-07T23:12:16.346436,0,0
2025-05-07T23:12:17.607979,0,0
2025-05-07T23:12:18.349023,0,0
2025-05-07T23:12:19.610603,0,0
2025-05-07T23:12:20.352051,0,0
2025-05-07T23:12:21.614285,0,0
2025-05-07T23:12:22.354426,0,0
2025-05-07T23:12:23.616382,0,0
2025-05-07T23:12:24.357351,0,0
2025-05-07T23:12:25.619176,0,0
2025-05-07T23:12:26.362519,0,0
2025-05-07T23:12:27.622162,0,0
2025-05-07T23:12:28.365494,0,0
2025-05-07T23:12:29.624951,0,0
2025-05-07T23:12:30.368263,0,0
2025-05-07T23:12:31.627820,0,0
2025-05-07T23:12:32.370884,0,0
2025-05-07T23:12:33.630105,0,0
2025-05-07T23:12:34.372795,0,0
2025-05-07T23:12:35.633515,0,0
2025-05-07T23:12:36.375121,0,0
2025-05-07T23:12:37.634679,0,0
2025-05-07T23:12:38.376938,0,0
2025-05-07T23:12:39.637147,0,0
2025-05-07T23:12:40.379881,0,0
2025-05-07T23:12:41.640672,0,0
2025-05-07T23:12:42.382874,0,0
2025-05-07T23:12:43.642915,0,0
2025-05-07T23:12:44.385535,0,0
2025-05-07T23:12:45.645346,0,0
2025-05-07T23:12:46.387917,0,0
2025-05-07T23:12:47.647952,0,0
2025-05-07T23:12:48.391257,0,0
2025-05-07T23:12:49.651343,0,0
2025-05-07T23:12:50.393743,0,0
2025-05-07T23:12:51.653973,0,0
2025-05-07T23:12:52.396892,0,0
2025-05-07T23:12:53.657074,0,0
2025-05-07T23:12:54.399754,0,0
2025-05-07T23:12:55.660109,0,0
2025-05-07T23:12:56.402639,0,0
2025-05-07T23:12:57.663678,0,0
2025-05-07T23:12:58.405959,0,0
2025-05-07T23:12:59.666382,0,0
2025-05-07T23:13:00.408296,0,0
2025-05-07T23:13:01.669468,0,0
2025-05-07T23:13:02.411045,0,0
2025-05-07T23:13:03.672572,0,0
2025-05-07T23:13:04.413957,0,0
2025-05-07T23:13:05.675938,0,0
2025-05-07T23:13:06.416612,0,0
2025-05-07T23:13:07.676565,0,0
2025-05-07T23:13:08.417294,0,0
2025-05-07T23:13:09.679355,0,0
2025-05-07T23:13:10.419834,0,0
2025-05-07T23:13:11.683003,0,0
2025-05-07T23:13:12.422895,0,0
2025-05-07T23:13:13.685402,0,0
2025-05-07T23:13:14.426204,0,0
2025-05-07T23:13:15.687810,0,0
2025-05-07T23:13:16.429009,0,0
2025-05-07T23:13:17.691195,0,0
2025-05-07T23:13:18.432290,0,0
2025-05-07T23:13:19.693338,0,0
2025-05-07T23:13:20.434739,0,0
2025-05-07T23:13:21.695832,0,0
2025-05-07T23:13:22.437412,0,0
2025-05-07T23:13:23.698826,0,0
2025-05-07T23:13:24.439813,0,0
2025-05-07T23:13:25.701660,0,0
2025-05-07T23:13:26.442168,0,0
2025-05-07T23:13:27.705318,0,0
2025-05-07T23:13:28.444901,0,0
2025-05-07T23:13:29.707701,0,0
2025-05-07T23:13:30.447392,0,0
2025-05-07T23:13:31.709943,0,0
2025-05-07T23:13:32.449195,0,0
2025-05-07T23:13:33.713070,0,0
2025-05-07T23:13:34.452711,0,0
2025-05-07T23:13:35.715384,0,0
2025-05-07T23:13:36.455682,0,0
2025-05-07T23:13:37.715770,0,0
2025-05-07T23:13:38.456201,0,0
2025-05-07T23:13:39.718902,0,0
2025-05-07T23:13:40.459009,0,0
2025-05-07T23:13:41.722523,0,0
2025-05-07T23:13:42.460776,0,0
2025-05-07T23:13:43.726160,0,0
2025-05-07T23:13:44.463494,0,0
2025-05-07T23:13:45.728717,0,0
2025-05-07T23:13:46.465677,0,0
2025-05-07T23:13:47.731771,0,0
2025-05-07T23:13:48.468761,0,0
2025-05-07T23:13:49.734139,0,0
2025-05-07T23:13:50.471113,0,0
2025-05-07T23:13:51.737073,0,0
2025-05-07T23:13:52.474767,0,0
2025-05-07T23:13:53.739691,0,0
2025-05-07T23:13:54.476672,0,0
2025-05-07T23:13:55.742700,0,0
2025-05-07T23:13:56.478744,0,0
2025-05-07T23:13:57.744926,0,0
2025-05-07T23:13:58.481708,0,0
2025-05-07T23:13:59.748097,0,0
2025-05-07T23:14:00.483643,0,0
2025-05-07T23:14:01.750211,0,0
2025-05-07T23:14:02.485532,0,0
2025-05-07T23:14:03.752886,0,0
2025-05-07T23:14:04.488209,0,0
2025-05-07T23:14:05.755768,0,0
2025-05-07T23:14:06.490276,0,0
2025-05-07T23:14:07.756369,0,0
2025-05-07T23:14:08.490749,0,0
2025-05-07T23:14:09.759572,0,0
2025-05-07T23:14:10.493215,0,0
2025-05-07T23:14:11.761970,0,0
2025-05-07T23:14:12.494917,0,0
2025-05-07T23:14:13.765009,0,0
2025-05-07T23:14:14.498636,0,0
2025-05-07T23:14:15.768372,0,0
2025-05-07T23:14:16.501070,0,0
2025-05-07T23:14:17.771265,0,0
2025-05-07T23:14:18.503820,0,0
2025-05-07T23:14:19.774628,0,0
2025-05-07T23:14:20.507953,0,0
2025-05-07T23:14:21.778494,0,0
2025-05-07T23:14:22.509037,0,0
2025-05-07T23:14:23.781106,0,0
2025-05-07T23:14:24.511647,0,0
2025-05-07T23:14:25.783466,0,0
2025-05-07T23:14:26.514913,0,0
2025-05-07T23:14:27.786328,0,0
2025-05-07T23:14:28.517240,0,0
2025-05-07T23:14:29.789551,0,0
2025-05-07T23:14:30.520747,0,0
2025-05-07T23:14:31.792344,0,0
2025-05-07T23:14:32.522815,0,0
2025-05-07T23:14:33.794661,0,0
2025-05-07T23:14:34.524882,0,0
2025-05-07T23:14:35.797351,0,0
2025-05-07T23:14:36.526988,0,0
2025-05-07T23:14:37.798119,0,0
2025-05-07T23:14:38.527658,0,0
2025-05-07T23:14:39.802112,0,0
2025-05-07T23:14:40.529627,0,0
2025-05-07T23:14:41.804200,0,0
2025-05-07T23:14:42.532198,0,0
2025-05-07T23:14:43.807513,0,0
2025-05-07T23:14:44.534940,0,0
2025-05-07T23:14:45.810813,0,0
2025-05-07T23:14:46.536776,0,0
2025-05-07T23:14:47.813798,0,0
2025-05-07T23:14:48.539530,0,0
2025-05-07T23:14:49.816680,0,0
2025-05-07T23:14:50.542070,0,0
2025-05-07T23:14:51.819670,0,0
2025-05-07T23:14:52.543711,0,0
2025-05-07T23:14:53.822226,0,0
2025-05-07T23:14:54.546276,0,0
2025-05-07T23:14:55.825087,0,0
2025-05-07T23:14:56.548428,0,0
2025-05-07T23:14:57.827787,0,0
2025-05-07T23:14:58.550257,0,0
2025-05-07T23:14:59.830507,0,0
2025-05-07T23:15:00.552006,0,0
2025-05-07T23:15:01.832877,0,0
2025-05-07T23:15:02.554180,0,0
2025-05-07T23:15:03.834785,0,0
2025-05-07T23:15:04.556728,0,0
2025-05-07T23:15:05.837958,0,0
2025-05-07T23:15:06.558827,0,0
2025-05-07T23:15:07.838041,0,0
2025-05-07T23:15:08.559320,0,0
2025-05-07T23:15:09.840455,0,0
2025-05-07T23:15:10.561894,0,0
2025-05-07T23:15:11.843392,0,0
2025-05-07T23:15:12.564033,0,0
2025-05-07T23:15:13.846496,0,0
2025-05-07T23:15:14.566229,0,0
2025-05-07T23:15:15.850258,0,0
2025-05-07T23:15:16.568268,0,0
2025-05-07T23:15:17.852726,0,0
2025-05-07T23:15:18.571229,0,0
2025-05-07T23:15:19.855905,0,0
2025-05-07T23:15:20.573485,0,0
2025-05-07T23:15:21.858432,0,0
2025-05-07T23:15:22.575741,0,0
2025-05-07T23:15:23.861333,0,0
2025-05-07T23:15:24.577970,0,0
2025-05-07T23:15:25.863362,0,0
2025-05-07T23:15:26.580264,0,0
2025-05-07T23:15:27.865683,0,0
2025-05-07T23:15:28.581999,0,0
2025-05-07T23:15:29.868368,0,0
2025-05-07T23:15:30.584179,0,0
2025-05-07T23:15:31.871930,0,0
2025-05-07T23:15:32.586189,0,0
2025-05-07T23:15:33.873954,0,0
2025-05-07T23:15:34.589098,0,0
2025-05-07T23:15:35.877079,0,0
2025-05-07T23:15:36.590831,0,0
2025-05-07T23:15:37.877380,0,0
2025-05-07T23:15:38.591502,0,0
2025-05-07T23:15:39.879594,0,0
2025-05-07T23:15:40.594493,0,0
2025-05-07T23:15:41.881764,0,0
2025-05-07T23:15:42.597096,0,0
2025-05-07T23:15:43.884790,0,0
2025-05-07T23:15:44.599199,0,0
2025-05-07T23:15:45.887805,0,0
2025-05-07T23:15:46.602248,0,0
2025-05-07T23:15:47.889441,0,0
2025-05-07T23:15:48.604657,0,0
2025-05-07T23:15:49.892082,0,0
2025-05-07T23:15:50.607741,0,0
2025-05-07T23:15:51.894708,0,0
2025-05-07T23:15:52.610207,0,0
2025-05-07T23:15:53.897321,0,0
2025-05-07T23:15:54.613221,0,0
2025-05-07T23:15:55.899392,0,0
2025-05-07T23:15:56.616766,0,0
2025-05-07T23:15:57.901803,0,0
2025-05-07T23:15:58.618929,0,0
2025-05-07T23:15:59.904858,0,0
2025-05-07T23:16:00.621046,0,0
2025-05-07T23:16:01.907309,0,0
2025-05-07T23:16:02.623412,0,0
2025-05-07T23:16:03.909710,0,0
2025-05-07T23:16:04.626327,0,0
2025-05-07T23:16:05.911597,0,0
2025-05-07T23:16:06.629427,0,0
2025-05-07T23:16:07.913211,0,0
2025-05-07T23:16:08.631031,0,0
2025-05-07T23:16:09.915476,0,0
2025-05-07T23:16:10.633551,0,0
2025-05-07T23:16:11.917337,0,0
2025-05-07T23:16:12.636162,0,0
2025-05-07T23:16:13.919759,0,0
2025-05-07T23:16:14.639015,0,0
2025-05-07T23:16:15.922019,0,0
2025-05-07T23:16:16.641638,0,0
2025-05-07T23:16:17.925009,0,0
2025-05-07T23:16:18.644240,0,0
2025-05-07T23:16:19.926334,0,0
2025-05-07T23:16:20.647488,0,0
2025-05-07T23:16:21.928407,0,0
2025-05-07T23:16:22.649559,0,0
2025-05-07T23:16:23.930778,0,0
2025-05-07T23:16:24.652026,0,0
2025-05-07T23:16:25.933063,0,0
2025-05-07T23:16:26.654714,0,0
2025-05-07T23:16:27.935436,0,0
2025-05-07T23:16:28.657790,0,0
2025-05-07T23:16:29.938172,0,0
2025-05-07T23:16:30.660588,0,0
2025-05-07T23:16:31.941021,0,0
2025-05-07T23:16:32.663020,0,0
2025-05-07T23:16:33.943147,0,0
2025-05-07T23:16:34.666215,0,0
2025-05-07T23:16:35.945921,0,0
2025-05-07T23:16:36.669076,0,0
2025-05-07T23:16:37.945701,0,0
2025-05-07T23:16:38.670617,0,0
2025-05-07T23:16:39.947870,0,0
2025-05-07T23:16:40.672843,0,0
2025-05-07T23:16:41.950810,0,0
2025-05-07T23:16:42.674693,0,0
2025-05-07T23:16:43.953199,0,0
2025-05-07T23:16:44.677745,0,0
2025-05-07T23:16:45.955774,0,0
2025-05-07T23:16:46.680440,0,0
2025-05-07T23:16:47.958556,0,0
2025-05-07T23:16:48.683393,0,0
2025-05-07T23:16:49.960529,0,0
2025-05-07T23:16:50.686321,0,0
2025-05-07T23:16:51.963263,0,0
2025-05-07T23:16:52.688614,0,0
2025-05-07T23:16:53.965682,0,0
2025-05-07T23:16:54.691692,0,0
2025-05-07T23:16:55.968750,0,0
2025-05-07T23:16:56.694580,0,0
2025-05-07T23:16:57.970946,0,0
2025-05-07T23:16:58.697205,0,0
2025-05-07T23:16:59.973746,0,0
2025-05-07T23:17:00.700364,0,0
2025-05-07T23:17:01.976117,0,0
2025-05-07T23:17:02.701829,0,0
2025-05-07T23:17:03.978506,0,0
2025-05-07T23:17:04.705703,0,0
2025-05-07T23:17:05.981387,0,0
2025-05-07T23:17:06.706662,0,0
2025-05-07T23:17:07.982609,0,0
2025-05-07T23:17:08.710217,0,0
2025-05-07T23:17:09.984958,0,0
2025-05-07T23:17:10.713426,0,0
2025-05-07T23:17:11.988080,0,0
2025-05-07T23:17:12.716076,0,0
2025-05-07T23:17:13.990098,0,0
2025-05-07T23:17:14.719767,0,0
2025-05-07T23:17:15.994261,0,0
2025-05-07T23:17:16.722391,0,0
2025-05-07T23:17:17.997131,0,0
2025-05-07T23:17:18.724975,0,0
2025-05-07T23:17:20.000365,0,0
2025-05-07T23:17:20.728009,0,0
2025-05-07T23:17:22.003481,0,0
2025-05-07T23:17:22.730458,0,0
2025-05-07T23:17:24.006374,0,0
2025-05-07T23:17:24.732859,0,0
2025-05-07T23:17:26.009541,0,0
2025-05-07T23:17:26.735705,0,0
2025-05-07T23:17:28.012430,0,0
2025-05-07T23:17:28.739231,0,0
2025-05-07T23:17:30.015730,0,0
2025-05-07T23:17:30.742205,0,0
2025-05-07T23:17:32.018406,0,0
2025-05-07T23:17:32.744722,0,0
2025-05-07T23:17:34.022010,0,0
2025-05-07T23:17:34.747907,0,0
2025-05-07T23:17:36.024430,0,0
2025-05-07T23:17:36.748415,0,0
2025-05-07T23:17:38.024695,0,0
2025-05-07T23:17:38.751408,0,0
2025-05-07T23:17:40.028056,0,0
2025-05-07T23:17:40.753571,0,0
2025-05-07T23:17:42.030789,0,0
2025-05-07T23:17:42.755228,0,0
2025-05-07T23:17:44.033070,0,0
2025-05-07T23:17:44.758197,0,0
2025-05-07T23:17:46.035737,0,0
2025-05-07T23:17:46.761060,0,0
2025-05-07T23:17:48.038805,0,0
2025-05-07T23:17:48.764297,0,0
2025-05-07T23:17:50.041550,0,0
2025-05-07T23:17:50.767481,0,0
2025-05-07T23:17:52.043808,0,0
2025-05-07T23:17:52.770016,0,0
2025-05-07T23:17:54.046845,0,0
2025-05-07T23:17:54.772824,0,0
2025-05-07T23:17:56.051224,0,0
2025-05-07T23:17:56.775637,0,0
2025-05-07T23:17:58.054394,0,0
2025-05-07T23:17:58.778258,0,0
2025-05-07T23:18:00.057086,0,0
2025-05-07T23:18:00.780022,0,0
2025-05-07T23:18:02.059388,0,0
2025-05-07T23:18:02.782023,0,0
2025-05-07T23:18:04.061916,0,0
2025-05-07T23:18:04.784380,0,0
2025-05-07T23:18:06.064998,0,0
2025-05-07T23:18:06.787387,0,0
2025-05-07T23:18:08.066736,0,0
2025-05-07T23:18:08.789662,0,0
2025-05-07T23:18:10.069063,0,0
2025-05-07T23:18:10.792213,0,0
2025-05-07T23:18:12.071857,0,0
2025-05-07T23:18:12.794768,0,0
2025-05-07T23:18:14.074935,0,0
2025-05-07T23:18:14.797275,0,0
2025-05-07T23:18:16.078168,0,0
2025-05-07T23:18:16.799882,0,0
2025-05-07T23:18:18.080837,0,0
2025-05-07T23:18:18.802227,0,0
2025-05-07T23:18:20.083762,0,0
2025-05-07T23:18:20.804262,0,0
2025-05-07T23:18:22.086074,0,0
2025-05-07T23:18:22.805988,0,0
2025-05-07T23:18:24.088044,0,0
2025-05-07T23:18:24.808340,0,0
2025-05-07T23:18:26.091537,0,0
2025-05-07T23:18:26.809927,0,0
2025-05-07T23:18:28.094074,0,0
2025-05-07T23:18:28.811791,0,0
2025-05-07T23:18:30.096283,0,0
2025-05-07T23:18:30.813467,0,0
2025-05-07T23:18:32.099436,0,0
2025-05-07T23:18:32.815856,0,0
2025-05-07T23:18:34.101776,0,0
2025-05-07T23:18:34.818513,0,0
2025-05-07T23:18:36.104732,0,0
2025-05-07T23:18:31.327647,0,0
2025-05-07T23:18:32.614890,0,0
2025-05-07T23:18:33.330072,0,0
2025-05-07T23:18:34.617905,0,0
2025-05-07T23:18:35.333296,0,0
2025-05-07T23:18:36.621560,0,0
2025-05-07T23:18:37.335760,0,0
2025-05-07T23:18:38.623176,0,0
2025-05-07T23:18:39.338395,0,0
2025-05-07T23:18:40.625757,0,0
2025-05-07T23:18:41.341237,0,0
2025-05-07T23:18:42.627566,0,0
2025-05-07T23:18:43.343986,0,0
2025-05-07T23:18:44.629989,0,0
2025-05-07T23:18:45.347018,0,0
2025-05-07T23:18:46.632751,0,0
2025-05-07T23:18:47.349381,0,0
2025-05-07T23:18:48.634771,0,0
2025-05-07T23:18:49.352377,0,0
2025-05-07T23:18:50.636754,0,0
2025-05-07T23:18:51.355548,0,0
2025-05-07T23:18:52.638228,0,0
2025-05-07T23:18:53.358348,0,0
2025-05-07T23:18:54.640496,0,0
2025-05-07T23:18:55.361567,0,0
2025-05-07T23:18:56.642744,0,0
2025-05-07T23:18:57.363698,0,0
2025-05-07T23:18:58.644909,0,0
2025-05-07T23:18:59.366993,0,0
2025-05-07T23:19:00.646710,0,0
2025-05-07T23:19:01.367756,0,0
2025-05-07T23:19:02.647139,0,0
2025-05-07T23:19:03.371006,0,0
2025-05-07T23:19:04.649699,0,0
2025-05-07T23:19:05.374008,0,0
2025-05-07T23:19:06.652517,0,0
2025-05-07T23:19:07.376536,0,0
2025-05-07T23:19:08.654589,0,0
2025-05-07T23:19:09.379404,0,0
2025-05-07T23:19:10.657083,0,0
2025-05-07T23:19:11.382521,0,0
2025-05-07T23:19:12.659500,0,0
2025-05-07T23:19:13.384809,0,0
2025-05-07T23:19:14.661599,0,0
2025-05-07T23:19:15.387109,0,0
2025-05-07T23:19:16.664264,0,0
2025-05-07T23:19:17.389192,0,0
2025-05-07T23:19:18.666208,0,0
2025-05-07T23:19:19.392132,0,0
2025-05-07T23:19:20.667696,0,0
2025-05-07T23:19:21.395306,0,0
2025-05-07T23:19:22.669967,0,0
2025-05-07T23:19:23.398269,0,0
2025-05-07T23:19:24.672498,0,0
2025-05-07T23:19:25.401186,0,0
2025-05-07T23:19:26.674881,0,0
2025-05-07T23:19:27.403621,0,0
2025-05-07T23:19:28.677079,0,0
2025-05-07T23:19:29.407195,0,0
2025-05-07T23:19:30.679177,0,0
2025-05-07T23:19:31.407504,0,0
2025-05-07T23:19:32.679135,0,0
2025-05-07T23:19:33.410574,0,0
2025-05-07T23:19:34.680700,0,0
2025-05-07T23:19:35.413217,0,0
2025-05-07T23:19:36.682476,0,0
2025-05-07T23:19:37.415543,0,0
2025-05-07T23:19:38.685107,0,0
2025-05-07T23:19:39.418377,0,0
2025-05-07T23:19:40.688815,0,0
2025-05-07T23:19:41.421373,0,0
2025-05-07T23:19:42.691838,0,0
2025-05-07T23:19:43.424322,0,0
2025-05-07T23:19:44.694985,0,0
2025-05-07T23:19:45.427413,0,0
2025-05-07T23:19:46.698303,0,0
2025-05-07T23:19:47.429846,0,0
2025-05-07T23:19:48.702025,0,0
2025-05-07T23:19:49.433223,0,0
2025-05-07T23:19:50.704646,0,0
2025-05-07T23:19:51.436604,0,0
2025-05-07T23:19:52.708220,0,0
2025-05-07T23:19:53.438729,0,0
2025-05-07T23:19:54.710900,0,0
2025-05-07T23:19:55.441052,0,0
2025-05-07T23:19:56.714074,0,0
2025-05-07T23:19:57.443508,0,0
2025-05-07T23:19:58.716650,0,0
2025-05-07T23:19:59.446540,0,0
2025-05-07T23:20:00.719299,0,0
2025-05-07T23:20:01.447819,0,0
2025-05-07T23:20:02.719933,0,0
2025-05-07T23:20:03.450056,0,0
2025-05-07T23:20:04.723118,0,0
2025-05-07T23:20:05.453170,0,0
2025-05-07T23:20:06.725844,0,0
2025-05-07T23:20:07.455732,0,0
2025-05-07T23:20:08.728101,0,0
2025-05-07T23:20:09.458697,0,0
2025-05-07T23:20:10.731887,0,0
2025-05-07T23:20:11.462184,0,0
2025-05-07T23:20:12.735755,0,0
2025-05-07T23:20:13.464870,0,0
2025-05-07T23:20:14.738938,0,0
2025-05-07T23:20:15.467404,0,0
2025-05-07T23:20:16.741410,0,0
2025-05-07T23:20:17.470309,0,0
2025-05-07T23:20:18.743828,0,0
2025-05-07T23:20:19.473210,0,0
2025-05-07T23:20:20.747320,0,0
2025-05-07T23:20:21.477397,0,0
2025-05-07T23:20:22.750744,0,0
2025-05-07T23:20:23.480438,0,0
2025-05-07T23:20:24.753466,0,0
2025-05-07T23:20:25.482461,0,0
2025-05-07T23:20:26.755280,0,0
2025-05-07T23:20:27.484878,0,0
2025-05-07T23:20:28.758082,0,0
2025-05-07T23:20:29.487861,0,0
2025-05-07T23:20:30.761536,0,0
2025-05-07T23:20:31.489021,0,0
2025-05-07T23:20:32.765075,0,0
2025-05-07T23:20:33.491384,0,0
2025-05-07T23:20:34.765479,0,0
2025-05-07T23:20:35.493588,0,0
2025-05-07T23:20:36.768344,0,0
2025-05-07T23:20:37.495479,0,0
2025-05-07T23:20:38.771536,0,0
2025-05-07T23:20:39.498134,0,0
2025-05-07T23:20:40.776183,0,0
2025-05-07T23:20:41.500819,0,0
2025-05-07T23:20:42.778433,0,0
2025-05-07T23:20:43.503956,0,0
2025-05-07T23:20:44.781311,0,0
2025-05-07T23:20:45.506480,0,0
2025-05-07T23:20:46.783986,0,0
2025-05-07T23:20:47.508102,0,0
2025-05-07T23:20:48.786603,0,0
2025-05-07T23:20:49.511904,0,0
2025-05-07T23:20:50.791278,0,0
2025-05-07T23:20:51.513483,0,0
2025-05-07T23:20:52.794442,0,0
2025-05-07T23:20:53.516587,0,0
2025-05-07T23:20:54.797127,0,0
2025-05-07T23:20:55.518545,0,0
2025-05-07T23:20:56.800262,0,0
2025-05-07T23:20:57.521427,0,0
2025-05-07T23:20:58.803607,0,0
2025-05-07T23:20:59.524973,0,0
2025-05-07T23:21:00.808123,0,0
2025-05-07T23:21:01.526595,0,0
2025-05-07T23:21:02.809182,0,0
2025-05-07T23:21:03.528759,0,0
2025-05-07T23:21:04.811695,0,0
2025-05-07T23:21:05.531827,0,0
2025-05-07T23:21:06.815423,0,0
2025-05-07T23:21:07.534251,0,0
2025-05-07T23:21:08.818328,0,0
2025-05-07T23:21:09.537212,0,0
2025-05-07T23:21:10.821197,0,0
2025-05-07T23:21:11.540238,0,0
2025-05-07T23:21:12.823683,0,0
2025-05-07T23:21:13.542763,0,0
2025-05-07T23:21:14.826111,0,0
2025-05-07T23:21:15.546179,0,0
2025-05-07T23:21:16.828196,0,0
2025-05-07T23:21:17.549232,0,0
2025-05-07T23:21:18.831109,0,0
2025-05-07T23:21:19.551668,0,0
2025-05-07T23:21:20.833921,0,0
2025-05-07T23:21:21.554161,0,0
2025-05-07T23:21:22.836279,0,0
2025-05-07T23:21:23.556371,0,0
2025-05-07T23:21:24.839188,0,0
2025-05-07T23:21:25.559231,0,0
2025-05-07T23:21:26.842654,0,0
2025-05-07T23:21:27.562100,0,0
2025-05-07T23:21:28.846199,0,0
2025-05-07T23:21:29.564351,0,0
2025-05-07T23:21:30.848730,0,0
2025-05-07T23:21:31.564377,0,0
2025-05-07T23:21:32.849187,0,0
2025-05-07T23:21:33.565919,0,0
2025-05-07T23:21:34.851936,0,0
2025-05-07T23:21:35.567816,0,0
2025-05-07T23:21:36.854577,0,0
2025-05-07T23:21:37.571294,0,0
2025-05-07T23:21:38.856783,0,0
2025-05-07T23:21:39.573756,0,0
2025-05-07T23:21:40.859099,0,0
2025-05-07T23:21:41.575883,0,0
2025-05-07T23:21:42.861523,0,0
2025-05-07T23:21:43.578869,0,0
2025-05-07T23:21:44.863543,0,0
2025-05-07T23:21:45.581169,0,0
2025-05-07T23:21:46.866502,0,0
2025-05-07T23:21:47.583644,0,0
2025-05-07T23:21:48.869952,0,0
2025-05-07T23:21:49.586910,0,0
2025-05-07T23:21:50.872861,0,0
2025-05-07T23:21:51.588761,0,0
2025-05-07T23:21:52.875234,0,0
2025-05-07T23:21:53.590555,0,0
2025-05-07T23:21:54.878750,0,0
2025-05-07T23:21:55.593375,0,0
2025-05-07T23:21:56.881208,0,0
2025-05-07T23:21:57.596193,0,0
2025-05-07T23:21:58.883513,0,0
2025-05-07T23:21:59.598946,0,0
2025-05-07T23:22:00.886590,0,0
2025-05-07T23:22:01.601045,0,0
2025-05-07T23:22:02.887874,0,0
2025-05-07T23:22:03.603242,0,0
2025-05-07T23:22:04.891278,0,0
2025-05-07T23:22:05.605409,0,0
2025-05-07T23:22:06.893998,0,0
2025-05-07T23:22:07.607822,0,0
2025-05-07T23:22:08.896169,0,0
2025-05-07T23:22:09.610345,0,0
2025-05-07T23:22:10.899109,0,0
2025-05-07T23:22:11.612242,0,0
2025-05-07T23:22:12.901653,0,0
2025-05-07T23:22:13.614759,0,0
2025-05-07T23:22:14.904400,0,0
2025-05-07T23:22:15.617202,0,0
2025-05-07T23:22:16.907373,0,0
2025-05-07T23:22:17.619910,0,0
2025-05-07T23:22:18.910644,0,0
2025-05-07T23:22:19.621768,0,0
2025-05-07T23:22:20.913080,0,0
2025-05-07T23:22:21.623542,0,0
2025-05-07T23:22:22.915564,0,0
2025-05-07T23:22:23.625226,0,0
2025-05-07T23:22:24.918201,0,0
2025-05-07T23:22:25.627778,0,0
2025-05-07T23:22:26.920762,0,0
2025-05-07T23:22:27.629960,0,0
2025-05-07T23:22:28.923153,0,0
2025-05-07T23:22:29.631817,0,0
2025-05-07T23:22:30.925781,0,0
2025-05-07T23:22:31.631577,0,0
2025-05-07T23:22:32.926696,0,0
2025-05-07T23:22:33.634287,0,0
2025-05-07T23:22:34.928903,0,0
2025-05-07T23:22:35.637255,0,0
2025-05-07T23:22:36.931122,0,0
2025-05-07T23:22:37.638978,0,0
2025-05-07T23:22:38.933170,0,0
2025-05-07T23:22:39.641286,0,0
2025-05-07T23:22:40.935369,0,0
2025-05-07T23:22:41.643067,0,0
2025-05-07T23:22:42.939179,0,0
2025-05-07T23:22:43.644932,0,0
2025-05-07T23:22:44.941582,0,0
2025-05-07T23:22:45.647196,0,0
2025-05-07T23:22:46.944699,0,0
2025-05-07T23:22:47.649376,0,0
2025-05-07T23:22:48.947289,0,0
2025-05-07T23:22:49.651882,0,0
2025-05-07T23:22:50.949840,0,0
2025-05-07T23:22:51.654711,0,0
2025-05-07T23:22:52.951576,0,0
2025-05-07T23:22:53.656325,0,0
2025-05-07T23:22:54.954276,0,0
2025-05-07T23:22:55.658133,0,0
2025-05-07T23:22:56.956236,0,0
2025-05-07T23:22:57.659937,0,0
2025-05-07T23:22:58.959022,0,0
2025-05-07T23:22:59.661992,0,0
2025-05-07T23:23:00.961607,0,0
2025-05-07T23:23:01.662057,0,0
2025-05-07T23:23:02.961900,0,0
2025-05-07T23:23:03.664341,0,0
2025-05-07T23:23:04.964152,0,0
2025-05-07T23:23:05.665932,0,0
2025-05-07T23:23:06.967429,0,0
2025-05-07T23:23:07.667934,0,0
2025-05-07T23:23:08.969168,0,0
2025-05-07T23:23:09.669506,0,0
2025-05-07T23:23:10.971172,0,0
2025-05-07T23:23:11.671236,0,0
2025-05-07T23:23:12.973561,0,0
2025-05-07T23:23:13.674147,0,0
2025-05-07T23:23:14.976230,0,0
2025-05-07T23:23:15.676591,0,0
2025-05-07T23:23:16.978233,0,0
2025-05-07T23:23:17.677598,0,0
2025-05-07T23:23:18.980348,0,0
2025-05-07T23:23:19.679930,0,0
2025-05-07T23:23:20.982829,0,0
2025-05-07T23:23:21.682211,0,0
2025-05-07T23:23:22.984854,0,0
2025-05-07T23:23:23.685461,0,0
2025-05-07T23:23:24.987853,0,0
2025-05-07T23:23:25.688125,0,0
2025-05-07T23:23:26.989838,0,0
2025-05-07T23:23:27.690154,0,0
2025-05-07T23:23:28.992903,0,0
2025-05-07T23:23:29.692633,0,0
2025-05-07T23:23:30.994996,0,0
2025-05-07T23:23:31.694094,0,0
2025-05-07T23:23:32.994923,0,0
2025-05-07T23:23:33.697915,0,0
2025-05-07T23:23:34.996992,0,0
2025-05-07T23:23:35.700427,0,0
2025-05-07T23:23:36.999709,0,0
2025-05-07T23:23:37.703470,0,0
2025-05-07T23:23:39.002174,0,0
2025-05-07T23:23:39.707263,0,0
2025-05-07T23:23:41.004937,0,0
2025-05-07T23:23:41.710270,0,0
2025-05-07T23:23:43.006848,0,0
2025-05-07T23:23:43.713159,0,0
2025-05-07T23:23:45.008410,0,0
2025-05-07T23:23:45.715102,0,0
2025-05-07T23:23:47.011028,0,0
2025-05-07T23:23:47.717446,0,0
2025-05-07T23:23:49.013869,0,0
2025-05-07T23:23:49.720413,0,0
2025-05-07T23:23:51.016592,0,0
2025-05-07T23:23:51.723170,0,0
2025-05-07T23:23:53.018417,0,0
2025-05-07T23:23:53.725446,0,0
2025-05-07T23:23:55.021171,0,0
2025-05-07T23:23:55.728444,0,0
2025-05-07T23:23:57.023549,0,0
2025-05-07T23:23:57.730842,0,0
2025-05-07T23:23:59.025633,0,0
2025-05-07T23:23:59.734134,0,0
2025-05-07T23:24:01.028671,0,0
2025-05-07T23:24:01.734685,0,0
2025-05-07T23:24:03.028234,0,0
2025-05-07T23:24:03.737269,0,0
2025-05-07T23:24:05.030773,0,0
2025-05-07T23:24:05.739481,0,0
2025-05-07T23:24:07.033049,0,0
2025-05-07T23:24:07.742876,0,0
2025-05-07T23:24:09.035624,0,0
2025-05-07T23:24:09.745716,0,0
2025-05-07T23:24:11.037511,0,0
2025-05-07T23:24:11.749312,0,0
2025-05-07T23:24:13.040439,0,0
2025-05-07T23:24:13.751310,0,0
2025-05-07T23:24:15.042185,0,0
2025-05-07T23:24:15.753459,0,0
2025-05-07T23:24:17.044479,0,0
2025-05-07T23:24:17.757102,0,0
2025-05-07T23:24:19.047350,0,0
2025-05-07T23:24:19.759889,0,0
2025-05-07T23:24:21.050472,0,0
2025-05-07T23:24:21.762760,0,0
2025-05-07T23:24:23.052360,0,0
2025-05-07T23:24:23.765227,0,0
2025-05-07T23:24:25.054961,0,0
2025-05-07T23:24:25.767171,0,0
2025-05-07T23:24:27.057048,0,0
2025-05-07T23:24:27.769811,0,0
2025-05-07T23:24:29.060105,0,0
2025-05-07T23:24:29.771812,0,0
2025-05-07T23:24:31.061629,0,0
2025-05-07T23:24:31.772745,0,0
2025-05-07T23:24:33.062834,0,0
2025-05-07T23:24:33.775676,0,0
2025-05-07T23:24:35.064066,0,0
2025-05-07T23:24:35.777939,0,0
2025-05-07T23:24:37.066061,0,0
2025-05-07T23:24:37.780999,0,0
2025-05-07T23:24:39.068070,0,0
2025-05-07T23:24:39.784227,0,0
2025-05-07T23:24:41.070230,0,0
2025-05-07T23:24:41.786810,0,0
2025-05-07T23:24:43.072319,0,0
2025-05-07T23:24:43.789962,0,0
2025-05-07T23:24:45.074413,0,0
2025-05-07T23:24:45.792255,0,0
2025-05-07T23:24:47.077928,0,0
2025-05-07T23:24:47.795264,0,0
2025-05-07T23:24:49.081684,0,0
2025-05-07T23:24:49.797889,0,0
2025-05-07T23:24:51.085136,0,0
2025-05-07T23:24:51.800501,0,0
2025-05-07T23:24:53.086543,0,0
2025-05-07T23:24:53.802971,0,0
2025-05-07T23:24:55.089592,0,0
2025-05-07T23:24:55.805820,0,0
2025-05-07T23:24:57.092911,0,0
2025-05-07T23:24:57.808837,0,0
2025-05-07T23:24:59.096469,0,0
2025-05-07T23:24:59.811797,0,0
2025-05-07T23:25:01.100015,0,0
2025-05-07T23:25:01.812171,0,0
2025-05-07T23:25:03.101420,0,0
2025-05-07T23:25:03.814950,0,0
2025-05-07T23:25:05.104365,0,0
2025-05-07T23:25:05.818057,0,0
2025-05-07T23:25:07.108376,0,0
2025-05-07T23:25:07.820761,0,0
2025-05-07T23:25:09.110929,0,0
2025-05-07T23:25:09.824017,0,0
2025-05-07T23:25:11.113327,0,0
2025-05-07T23:25:11.826740,0,0
2025-05-07T23:25:13.115986,0,0
2025-05-07T23:25:13.829225,0,0
2025-05-07T23:25:15.118895,0,0
2025-05-07T23:25:15.831828,0,0
2025-05-07T23:25:17.122657,0,0
2025-05-07T23:25:17.834866,0,0
2025-05-07T23:25:19.126187,0,0
2025-05-07T23:25:19.838775,0,0
2025-05-07T23:25:21.129485,0,0
2025-05-07T23:25:21.841514,0,0
2025-05-07T23:25:23.131030,0,0
2025-05-07T23:25:23.843559,0,0
2025-05-07T23:25:25.134155,0,0
2025-05-07T23:25:25.845458,0,0
2025-05-07T23:25:27.137461,0,0
2025-05-07T23:25:27.850043,0,0
2025-05-07T23:25:29.143073,0,0
2025-05-07T23:25:29.851748,0,0
2025-05-07T23:25:31.145168,0,0
2025-05-07T23:25:31.852600,0,0
2025-05-07T23:25:33.144508,0,0
2025-05-07T23:25:33.855229,0,0
2025-05-07T23:25:35.147004,0,0
2025-05-07T23:25:35.857362,0,0
2025-05-07T23:25:37.150281,0,0
2025-05-07T23:25:37.859727,0,0
2025-05-07T23:25:39.153338,0,0
2025-05-07T23:25:39.861884,0,0
2025-05-07T23:25:41.155993,0,0
2025-05-07T23:25:41.864794,0,0
2025-05-07T23:25:43.157355,0,0
2025-05-07T23:25:43.867125,0,0
2025-05-07T23:25:45.159737,0,0
2025-05-07T23:25:45.868803,0,0
2025-05-07T23:25:47.162554,0,0
2025-05-07T23:25:47.870747,0,0
2025-05-07T23:25:49.165412,0,0
2025-05-07T23:25:49.873622,0,0
2025-05-07T23:25:51.168202,0,0
2025-05-07T23:25:51.877468,0,0
2025-05-07T23:25:53.171702,0,0
2025-05-07T23:25:53.880087,0,0
2025-05-07T23:25:55.173651,0,0
2025-05-07T23:25:55.882292,0,0
2025-05-07T23:25:57.176222,0,0
2025-05-07T23:25:57.885378,0,0
2025-05-07T23:25:59.179524,0,0
2025-05-07T23:25:59.888443,0,0
2025-05-07T23:26:01.182302,0,0
2025-05-07T23:26:01.889019,0,0
2025-05-07T23:26:03.182600,0,0
2025-05-07T23:26:03.892027,0,0
2025-05-07T23:26:05.185594,0,0
2025-05-07T23:26:05.893710,0,0
2025-05-07T23:26:07.188951,0,0
2025-05-07T23:26:07.896609,0,0
2025-05-07T23:26:09.192294,0,0
2025-05-07T23:26:09.898729,0,0
2025-05-07T23:26:11.195069,0,0
2025-05-07T23:26:11.901501,0,0
2025-05-07T23:26:13.197735,0,0
2025-05-07T23:26:13.904866,0,0
2025-05-07T23:26:15.200828,0,0
2025-05-07T23:26:15.907591,0,0
2025-05-07T23:26:17.203182,0,0
2025-05-07T23:26:17.910131,0,0
2025-05-07T23:26:19.207166,0,0
2025-05-07T23:26:19.913469,0,0
2025-05-07T23:26:21.209888,0,0
2025-05-07T23:26:21.915798,0,0
2025-05-07T23:26:23.211967,0,0
2025-05-07T23:26:23.917891,0,0
2025-05-07T23:26:25.215564,0,0
2025-05-07T23:26:25.924140,0,0
2025-05-07T23:26:27.219511,0,0
2025-05-07T23:26:27.923581,0,0
2025-05-07T23:26:29.222327,0,0
2025-05-07T23:26:29.926071,0,0
2025-05-07T23:26:31.224597,0,0
2025-05-07T23:26:31.926599,0,0
2025-05-07T23:26:33.225838,0,0
2025-05-07T23:26:33.928652,0,0
2025-05-07T23:26:35.229612,0,0
2025-05-07T23:26:35.942433,0,0
2025-05-07T23:26:37.234831,0,0
2025-05-07T23:26:37.936206,0,0
2025-05-07T23:26:39.236511,0,0
2025-05-07T23:26:39.938830,0,0
2025-05-07T23:26:41.239509,0,0
2025-05-07T23:26:41.941861,0,0
2025-05-07T23:26:43.242407,0,0
2025-05-07T23:26:43.944022,0,0
2025-05-07T23:26:45.244774,0,0
2025-05-07T23:26:45.946700,0,0
2025-05-07T23:26:47.246910,0,0
2025-05-07T23:26:47.948638,0,0
2025-05-07T23:26:49.249815,0,0
2025-05-07T23:26:49.950556,0,0
2025-05-07T23:26:51.252753,0,0
2025-05-07T23:26:51.952800,0,0
2025-05-07T23:26:53.254832,0,0
2025-05-07T23:26:53.955255,0,0
2025-05-07T23:26:55.257876,0,0
2025-05-07T23:26:55.957163,0,0
2025-05-07T23:26:57.260176,0,0
2025-05-07T23:26:57.959849,0,0
2025-05-07T23:26:59.262690,0,0
2025-05-07T23:26:59.961732,0,0
2025-05-07T23:27:01.263060,0,0
2025-05-07T23:27:01.961367,0,0
2025-05-07T23:27:03.265105,0,0
2025-05-07T23:27:03.963490,0,0
2025-05-07T23:27:05.267243,0,0
2025-05-07T23:27:05.966131,0,0
2025-05-07T23:27:07.269134,0,0
2025-05-07T23:27:07.968281,0,0
2025-05-07T23:27:09.272190,0,0
2025-05-07T23:27:09.970820,0,0
2025-05-07T23:27:11.274486,0,0
2025-05-07T23:27:11.973068,0,0
2025-05-07T23:27:13.276507,0,0
2025-05-07T23:27:13.975715,0,0
2025-05-07T23:27:15.279459,0,0
2025-05-07T23:27:15.977377,0,0
2025-05-07T23:27:17.282876,0,0
2025-05-07T23:27:17.980757,0,0
2025-05-07T23:27:19.285460,0,0
2025-05-07T23:27:19.983640,0,0
2025-05-07T23:27:21.288371,0,0
2025-05-07T23:27:21.985847,0,0
2025-05-07T23:27:23.290734,0,0
2025-05-07T23:27:23.989084,0,0
2025-05-07T23:27:25.293102,0,0
2025-05-07T23:27:25.992156,0,0
2025-05-07T23:27:27.295792,0,0
2025-05-07T23:27:27.994175,0,0
2025-05-07T23:27:29.298501,0,0
2025-05-07T23:27:29.997958,0,0
2025-05-07T23:27:31.299466,0,0
2025-05-07T23:27:31.997762,0,0
2025-05-07T23:27:33.301801,0,0
2025-05-07T23:27:34.000869,0,0
2025-05-07T23:27:35.305080,0,0
2025-05-07T23:27:36.003088,0,0
2025-05-07T23:27:37.306865,0,0
2025-05-07T23:27:38.006060,0,0
2025-05-07T23:27:39.309892,0,0
2025-05-07T23:27:40.008781,0,0
2025-05-07T23:27:41.311826,0,0
2025-05-07T23:27:42.010554,0,0
2025-05-07T23:27:43.314311,0,0
2025-05-07T23:27:44.012777,0,0
2025-05-07T23:27:45.317033,0,0
2025-05-07T23:27:46.015180,0,0
2025-05-07T23:27:47.319974,0,0
2025-05-07T23:27:48.018136,0,0
2025-05-07T23:27:49.322946,0,0
2025-05-07T23:27:50.020635,0,0
2025-05-07T23:27:51.325035,0,0
2025-05-07T23:27:52.023410,0,0
2025-05-07T23:27:53.327693,0,0
2025-05-07T23:27:54.025193,0,0
2025-05-07T23:27:55.331009,0,0
2025-05-07T23:27:56.027796,0,0
2025-05-07T23:27:57.334580,0,0
2025-05-07T23:27:58.031750,0,0
2025-05-07T23:27:59.337071,0,0
2025-05-07T23:28:00.177891,0,0
2025-05-07T23:28:01.336772,0,0
2025-05-07T23:28:02.178188,0,0
2025-05-07T23:28:03.338443,0,0
2025-05-07T23:28:04.181511,0,0
2025-05-07T23:28:05.340992,0,0
2025-05-07T23:28:06.184169,0,0
2025-05-07T23:28:07.343562,0,0
2025-05-07T23:28:08.186302,0,0
2025-05-07T23:28:09.347013,0,0
2025-05-07T23:28:10.188029,0,0
2025-05-07T23:28:11.349282,0,0
2025-05-07T23:28:12.189888,0,0
2025-05-07T23:28:13.351671,0,0
2025-05-07T23:28:14.191806,0,0
2025-05-07T23:28:15.353736,0,0
2025-05-07T23:28:16.195045,0,0
2025-05-07T23:28:17.355832,0,0
2025-05-07T23:28:18.196789,0,0
2025-05-07T23:28:19.358512,0,0
2025-05-07T23:28:20.200335,0,0
2025-05-07T23:28:21.360674,0,0
2025-05-07T23:28:22.202336,0,0
2025-05-07T23:28:23.363846,0,0
2025-05-07T23:28:24.204858,0,0
2025-05-07T23:28:25.366378,0,0
2025-05-07T23:28:26.207490,0,0
2025-05-07T23:28:27.368333,0,0
2025-05-07T23:28:28.211046,0,0
2025-05-07T23:28:29.370888,0,0
2025-05-07T23:28:30.214241,0,0
2025-05-07T23:28:31.371403,0,0
2025-05-07T23:28:32.214337,0,0
2025-05-07T23:28:33.373824,0,0
2025-05-07T23:28:34.216742,0,0
2025-05-07T23:28:35.376027,0,0
2025-05-07T23:28:36.219527,0,0
2025-05-07T23:28:37.378743,0,0
2025-05-07T23:28:38.223030,0,0
2025-05-07T23:28:39.380834,0,0
2025-05-07T23:28:40.225730,0,0
2025-05-07T23:28:41.382573,0,0
2025-05-07T23:28:42.227778,0,0
2025-05-07T23:28:43.384706,0,0
2025-05-07T23:28:44.230726,0,0
2025-05-07T23:28:45.386589,0,0
2025-05-07T23:28:46.234716,0,0
2025-05-07T23:28:47.389027,0,0
2025-05-07T23:28:48.237344,0,0
2025-05-07T23:28:49.391436,0,0
2025-05-07T23:28:50.239985,0,0
2025-05-07T23:28:51.394019,0,0
2025-05-07T23:28:52.242546,0,0
2025-05-07T23:28:53.395605,0,0
2025-05-07T23:28:54.245374,0,0
2025-05-07T23:28:55.397935,0,0
2025-05-07T23:28:56.247392,0,0
2025-05-07T23:28:57.400159,0,0
2025-05-07T23:28:58.249998,0,0
2025-05-07T23:28:59.402807,0,0
2025-05-07T23:29:00.252886,0,0
2025-05-07T23:29:01.403448,0,0
2025-05-07T23:29:02.252208,0,0
2025-05-07T23:29:03.405278,0,0
2025-05-07T23:29:04.254498,0,0
2025-05-07T23:29:05.407546,0,0
2025-05-07T23:29:06.257212,0,0
2025-05-07T23:29:07.410205,0,0
2025-05-07T23:29:08.260998,0,0
2025-05-07T23:29:09.412596,0,0
2025-05-07T23:29:10.263537,0,0
2025-05-07T23:29:11.414869,0,0
2025-05-07T23:29:12.266244,0,0
2025-05-07T23:29:13.418060,0,0
2025-05-07T23:29:14.268246,0,0
2025-05-07T23:29:15.420095,0,0
2025-05-07T23:29:16.270389,0,0
2025-05-07T23:29:17.422137,0,0
2025-05-07T23:29:18.273112,0,0
2025-05-07T23:29:19.424494,0,0
2025-05-07T23:29:20.276131,0,0
2025-05-07T23:29:21.426933,0,0
2025-05-07T23:29:22.277946,0,0
2025-05-07T23:29:23.429636,0,0
2025-05-07T23:29:24.281489,0,0
2025-05-07T23:29:25.431696,0,0
2025-05-07T23:29:26.284777,0,0
2025-05-07T23:29:27.434241,0,0
2025-05-07T23:29:28.288532,0,0
2025-05-07T23:29:29.435921,0,0
2025-05-07T23:29:30.291419,0,0
2025-05-07T23:29:31.437818,0,0
2025-05-07T23:29:32.291479,0,0
2025-05-07T23:29:33.440144,0,0
2025-05-07T23:29:34.294156,0,0
2025-05-07T23:29:35.442407,0,0
2025-05-07T23:29:36.296373,0,0
2025-05-07T23:29:37.444884,0,0
2025-05-07T23:29:38.299169,0,0
2025-05-07T23:29:39.447248,0,0
2025-05-07T23:29:40.301545,0,0
2025-05-07T23:29:41.449378,0,0
2025-05-07T23:29:42.303898,0,0
2025-05-07T23:29:43.451278,0,0
2025-05-07T23:29:44.306785,0,0
2025-05-07T23:29:45.453304,0,0
2025-05-07T23:29:46.309833,0,0
2025-05-07T23:29:47.456115,0,0
2025-05-07T23:29:48.312228,0,0
2025-05-07T23:29:49.459488,0,0
2025-05-07T23:29:50.316366,0,0
2025-05-07T23:29:51.460729,0,0
2025-05-07T23:29:52.318503,0,0
2025-05-07T23:29:53.462780,0,0
2025-05-07T23:29:54.321865,0,0
2025-05-07T23:29:55.465922,0,0
2025-05-07T23:29:56.324721,0,0
2025-05-07T23:29:57.467572,0,0
2025-05-07T23:29:58.327986,0,0
2025-05-07T23:29:59.470127,0,0
2025-05-07T23:30:00.330946,0,0
2025-05-07T23:30:01.469883,0,0
2025-05-07T23:30:02.331448,0,0
2025-05-07T23:30:03.472186,0,0
2025-05-07T23:30:04.334291,0,0
2025-05-07T23:30:05.475096,0,0
2025-05-07T23:30:06.337539,0,0
2025-05-07T23:30:07.478418,0,0
2025-05-07T23:30:08.340421,0,0
2025-05-07T23:30:09.481938,0,0
2025-05-07T23:30:10.344027,0,0
2025-05-07T23:30:11.485222,0,0
2025-05-07T23:30:12.346387,0,0
2025-05-07T23:30:13.487748,0,0
2025-05-07T23:30:14.349722,0,0
2025-05-07T23:30:15.490930,0,0
2025-05-07T23:30:16.352507,0,0
2025-05-07T23:30:17.494050,0,0
2025-05-07T23:30:18.354814,0,0
2025-05-07T23:30:19.496327,0,0
2025-05-07T23:30:20.358371,0,0
2025-05-07T23:30:21.499621,0,0
2025-05-07T23:30:22.360206,0,0
2025-05-07T23:30:23.501552,0,0
2025-05-07T23:30:24.362769,0,0
2025-05-07T23:30:25.504832,0,0
2025-05-07T23:30:26.366385,0,0
2025-05-07T23:30:27.509363,0,0
2025-05-07T23:30:28.370531,0,0
2025-05-07T23:30:29.512288,0,0
2025-05-07T23:30:30.372441,0,0
2025-05-07T23:30:31.513342,0,0
2025-05-07T23:30:32.372257,0,0
2025-05-07T23:30:33.516003,0,0
2025-05-07T23:30:34.375628,0,0
2025-05-07T23:30:35.519476,0,0
2025-05-07T23:30:36.378019,0,0
2025-05-07T23:30:37.522562,0,0
2025-05-07T23:30:38.380796,0,0
2025-05-07T23:30:39.525705,0,0
2025-05-07T23:30:40.383456,0,0
2025-05-07T23:30:41.528707,0,0
2025-05-07T23:30:42.386940,0,0
2025-05-07T23:30:43.531064,0,0
2025-05-07T23:30:44.389953,0,0
2025-05-07T23:30:45.535206,0,0
2025-05-07T23:30:46.393194,0,0
2025-05-07T23:30:47.538068,0,0
2025-05-07T23:30:48.396277,0,0
2025-05-07T23:30:49.542281,0,0
2025-05-07T23:30:50.400009,0,0
2025-05-07T23:30:51.545695,0,0
2025-05-07T23:30:52.402177,0,0
2025-05-07T23:30:53.548323,0,0
2025-05-07T23:30:54.404686,0,0
2025-05-07T23:30:55.550836,0,0
2025-05-07T23:30:56.408706,0,0
2025-05-07T23:30:57.554238,0,0
2025-05-07T23:30:58.411239,0,0
2025-05-07T23:30:59.558442,0,0
2025-05-07T23:31:00.415046,0,0
2025-05-07T23:31:01.558437,0,0
2025-05-07T23:31:02.414600,0,0
2025-05-07T23:31:03.560629,0,0
2025-05-07T23:31:04.417265,0,0
2025-05-07T23:31:05.564159,0,0
2025-05-07T23:31:06.420375,0,0
2025-05-07T23:31:07.567418,0,0
2025-05-07T23:31:08.423204,0,0
2025-05-07T23:31:09.570595,0,0
2025-05-07T23:31:10.425743,0,0
2025-05-07T23:31:11.573467,0,0
2025-05-07T23:31:12.428665,0,0
2025-05-07T23:31:13.576958,0,0
2025-05-07T23:31:14.431428,0,0
2025-05-07T23:31:15.579886,0,0
2025-05-07T23:31:16.434925,0,0
2025-05-07T23:31:17.583106,0,0
2025-05-07T23:31:18.437289,0,0
2025-05-07T23:31:19.586126,0,0
2025-05-07T23:31:20.440383,0,0
2025-05-07T23:31:21.589449,0,0
2025-05-07T23:31:22.442952,0,0
2025-05-07T23:31:23.592246,0,0
2025-05-07T23:31:24.445276,0,0
2025-05-07T23:31:25.595481,0,0
2025-05-07T23:31:26.447476,0,0
2025-05-07T23:31:27.598141,0,0
2025-05-07T23:31:28.450931,0,0
2025-05-07T23:31:29.600359,0,0
2025-05-07T23:31:30.453615,0,0
2025-05-07T23:31:31.601103,0,0
2025-05-07T23:31:32.455643,0,0
2025-05-07T23:31:33.603573,0,0
2025-05-07T23:31:34.458226,0,0
2025-05-07T23:31:35.606449,0,0
2025-05-07T23:31:36.461763,0,0
2025-05-07T23:31:37.609622,0,0
2025-05-07T23:31:38.464645,0,0
2025-05-07T23:31:39.612293,0,0
2025-05-07T23:31:40.466996,0,0
2025-05-07T23:31:41.615159,0,0
2025-05-07T23:31:42.469443,0,0
2025-05-07T23:31:43.617541,0,0
2025-05-07T23:31:44.471960,0,0
2025-05-07T23:31:45.626535,0,0
2025-05-07T23:31:46.474119,0,0
2025-05-07T23:31:47.629868,0,0
2025-05-07T23:31:48.477128,0,0
2025-05-07T23:31:49.633327,0,0
2025-05-07T23:31:50.480102,0,0
2025-05-07T23:31:51.636327,0,0
2025-05-07T23:31:52.482556,0,0
2025-05-07T23:31:53.639053,0,0
2025-05-07T23:31:54.485143,0,0
2025-05-07T23:31:55.642401,0,0
2025-05-07T23:31:56.488410,0,0
2025-05-07T23:31:57.645172,0,0
2025-05-07T23:31:58.490982,0,0
2025-05-07T23:31:59.648730,0,0
2025-05-07T23:32:00.493958,0,0
2025-05-07T23:32:01.649195,0,0
2025-05-07T23:32:02.494708,0,0
2025-05-07T23:32:03.652798,0,0
2025-05-07T23:32:04.498608,0,0
2025-05-07T23:32:05.654544,0,0
2025-05-07T23:32:06.500687,0,0
2025-05-07T23:32:07.657948,0,0
2025-05-07T23:32:08.503008,0,0
2025-05-07T23:32:09.661217,0,0
2025-05-07T23:32:10.504640,0,0
2025-05-07T23:32:11.663717,0,0
2025-05-07T23:32:12.506745,0,0
2025-05-07T23:32:13.666912,0,0
2025-05-07T23:32:14.510224,0,0
2025-05-07T23:32:15.670246,0,0
2025-05-07T23:32:16.513004,0,0
2025-05-07T23:32:17.673505,0,0
2025-05-07T23:32:18.515970,0,0
2025-05-07T23:32:19.676410,0,0
2025-05-07T23:32:20.519105,0,0
2025-05-07T23:32:21.678679,0,0
2025-05-07T23:32:22.520515,0,0
2025-05-07T23:32:23.681255,0,0
2025-05-07T23:32:24.523188,0,0
2025-05-07T23:32:25.684366,0,0
2025-05-07T23:32:26.526722,0,0
2025-05-07T23:32:27.687165,0,0
2025-05-07T23:32:28.529204,0,0
2025-05-07T23:32:29.689796,0,0
2025-05-07T23:32:30.531361,0,0
2025-05-07T23:32:31.689544,0,0
2025-05-07T23:32:32.532061,0,0
2025-05-07T23:32:33.691599,0,0
2025-05-07T23:32:34.534630,0,0
2025-05-07T23:32:35.693852,0,0
2025-05-07T23:32:36.537456,0,0
2025-05-07T23:32:37.697365,0,0
2025-05-07T23:32:38.539931,0,0
2025-05-07T23:32:39.699966,0,0
2025-05-07T23:32:40.542154,0,0
2025-05-07T23:32:41.702789,0,0
2025-05-07T23:32:42.544795,0,0
2025-05-07T23:32:43.705025,0,0
2025-05-07T23:32:44.547281,0,0
2025-05-07T23:32:45.707872,0,0
2025-05-07T23:32:46.550532,0,0
2025-05-07T23:32:47.711298,0,0
2025-05-07T23:32:48.553239,0,0
2025-05-07T23:32:49.714239,0,0
2025-05-07T23:32:50.558115,0,0
2025-05-07T23:32:51.722569,0,0
2025-05-07T23:32:52.559724,0,0
2025-05-07T23:32:53.722570,0,0
2025-05-07T23:32:54.561900,0,0
2025-05-07T23:32:55.725347,0,0
2025-05-07T23:32:56.565285,0,0
2025-05-07T23:32:57.728255,0,0
2025-05-07T23:32:58.567751,0,0
2025-05-07T23:32:59.730678,0,0
2025-05-07T23:33:00.569656,0,0
2025-05-07T23:33:01.731122,0,0
2025-05-07T23:33:02.570936,0,0
2025-05-07T23:33:03.734016,0,0
2025-05-07T23:33:04.572728,0,0
2025-05-07T23:33:05.737156,0,0
2025-05-07T23:33:06.575111,0,0
2025-05-07T23:33:07.739612,0,0
2025-05-07T23:33:08.578125,0,0
2025-05-07T23:33:09.741856,0,0
2025-05-07T23:33:10.581284,0,0
2025-05-07T23:33:11.744426,0,0
2025-05-07T23:33:12.583810,0,0
2025-05-07T23:33:13.746819,0,0
2025-05-07T23:33:14.585955,0,0
2025-05-07T23:33:15.749144,0,0
2025-05-07T23:33:16.588473,0,0
2025-05-07T23:33:17.752055,0,0
2025-05-07T23:33:18.591220,0,0
2025-05-07T23:33:19.754415,0,0
2025-05-07T23:33:20.594373,0,0
2025-05-07T23:33:21.756922,0,0
2025-05-07T23:33:22.596961,0,0
2025-05-07T23:33:23.759642,0,0
2025-05-07T23:33:24.599446,0,0
2025-05-07T23:33:25.762650,0,0
2025-05-07T23:33:26.602493,0,0
2025-05-07T23:33:27.765399,0,0
2025-05-07T23:33:28.606335,0,0
2025-05-07T23:33:29.768600,0,0
2025-05-07T23:33:30.609290,0,0
2025-05-07T23:33:31.769281,0,0
2025-05-07T23:33:32.610370,0,0
2025-05-07T23:33:33.772811,0,0
2025-05-07T23:33:34.612431,0,0
2025-05-07T23:33:35.775410,0,0
2025-05-07T23:33:36.614556,0,0
2025-05-07T23:33:37.777538,0,0
2025-05-07T23:33:38.616820,0,0
2025-05-07T23:33:39.780015,0,0
2025-05-07T23:33:40.620243,0,0
2025-05-07T23:33:41.782264,0,0
2025-05-07T23:33:42.622135,0,0
2025-05-07T23:33:43.784425,0,0
2025-05-07T23:33:44.624296,0,0
2025-05-07T23:33:45.787184,0,0
2025-05-07T23:33:46.626123,0,0
2025-05-07T23:33:47.789866,0,0
2025-05-07T23:33:48.629140,0,0
2025-05-07T23:33:49.791893,0,0
2025-05-07T23:33:50.631061,0,0
2025-05-07T23:33:51.794853,0,0
2025-05-07T23:33:52.634776,0,0
2025-05-07T23:33:53.797203,0,0
2025-05-07T23:33:54.637084,0,0
2025-05-07T23:33:55.800176,0,0
2025-05-07T23:33:56.639182,0,0
2025-05-07T23:33:57.803272,0,0
2025-05-07T23:33:58.641631,0,0
2025-05-07T23:33:59.806041,0,0
2025-05-07T23:34:00.645263,0,0
2025-05-07T23:34:01.807721,0,0
2025-05-07T23:34:02.646073,0,0
2025-05-07T23:34:03.809828,0,0
2025-05-07T23:34:04.648127,0,0
2025-05-07T23:34:05.812305,0,0
2025-05-07T23:34:06.650920,0,0
2025-05-07T23:34:07.815480,0,0
2025-05-07T23:34:08.652849,0,0
2025-05-07T23:34:09.817577,0,0
2025-05-07T23:34:10.654864,0,0
2025-05-07T23:34:11.819132,0,0
2025-05-07T23:34:12.657033,0,0
2025-05-07T23:34:13.822270,0,0
2025-05-07T23:34:14.658923,0,0
2025-05-07T23:34:15.824786,0,0
2025-05-07T23:34:16.661235,0,0
2025-05-07T23:34:17.827383,0,0
2025-05-07T23:34:18.663953,0,0
2025-05-07T23:34:19.830635,0,0
2025-05-07T23:34:20.667189,0,0
2025-05-07T23:34:21.832457,0,0
2025-05-07T23:34:22.669858,0,0
2025-05-07T23:34:23.835291,0,0
2025-05-07T23:34:24.671772,0,0
2025-05-07T23:34:25.837490,0,0
2025-05-07T23:34:26.674104,0,0
2025-05-07T23:34:27.839696,0,0
2025-05-07T23:34:28.676090,0,0
2025-05-07T23:34:29.842325,0,0
2025-05-07T23:34:30.678081,0,0
2025-05-07T23:34:31.842741,0,0
2025-05-07T23:34:32.678936,0,0
2025-05-07T23:34:33.845449,0,0
2025-05-07T23:34:34.681258,0,0
2025-05-07T23:34:35.847910,0,0
2025-05-07T23:34:36.684608,0,0
2025-05-07T23:34:37.851725,0,0
2025-05-07T23:34:38.686778,0,0
2025-05-07T23:34:39.853845,0,0
2025-05-07T23:34:40.689070,0,0
2025-05-07T23:34:41.856276,0,0
2025-05-07T23:34:42.691472,0,0
2025-05-07T23:34:43.858665,0,0
2025-05-07T23:34:44.695430,0,0
2025-05-07T23:34:45.862397,0,0
2025-05-07T23:34:46.699675,0,0
2025-05-07T23:34:47.864380,0,0
2025-05-07T23:34:48.703405,0,0
2025-05-07T23:34:49.866537,0,0
2025-05-07T23:34:50.705488,0,0
2025-05-07T23:34:51.870697,0,0
2025-05-07T23:34:52.707361,0,0
2025-05-07T23:34:53.872711,0,0
2025-05-07T23:34:54.709994,0,0
2025-05-07T23:34:55.875188,0,0
2025-05-07T23:34:56.713537,0,0
2025-05-07T23:34:57.877644,0,0
2025-05-07T23:34:58.715424,0,0
2025-05-07T23:34:59.880029,0,0
2025-05-07T23:35:00.718445,0,0
2025-05-07T23:35:01.879714,0,0
2025-05-07T23:35:02.718990,0,0
2025-05-07T23:35:03.881978,0,0
2025-05-07T23:35:04.721596,0,0
2025-05-07T23:35:05.885037,0,0
2025-05-07T23:35:06.724683,0,0
2025-05-07T23:35:07.888488,0,0
2025-05-07T23:35:08.726860,0,0
2025-05-07T23:35:09.890211,0,0
2025-05-07T23:35:10.731054,0,0
2025-05-07T23:35:11.893325,0,0
2025-05-07T23:35:12.733322,0,0
2025-05-07T23:35:13.896631,0,0
2025-05-07T23:35:14.736065,0,0
2025-05-07T23:35:15.899141,0,0
2025-05-07T23:35:16.738454,0,0
2025-05-07T23:35:17.901911,0,0
2025-05-07T23:35:18.740699,0,0
2025-05-07T23:35:19.904946,0,0
2025-05-07T23:35:20.743429,0,0
2025-05-07T23:35:21.906560,0,0
2025-05-07T23:35:22.745232,0,0
2025-05-07T23:35:23.908410,0,0
2025-05-07T23:35:24.747475,0,0
2025-05-07T23:35:25.911145,0,0
2025-05-07T23:35:26.749543,0,0
2025-05-07T23:35:27.913942,0,0
2025-05-07T23:35:28.752366,0,0
2025-05-07T23:35:29.916516,0,0
2025-05-07T23:35:30.754763,0,0
2025-05-07T23:35:31.917216,0,0
2025-05-07T23:35:32.755233,0,0
2025-05-07T23:35:33.919252,0,0
2025-05-07T23:35:34.757107,0,0
2025-05-07T23:35:35.921818,0,0
2025-05-07T23:35:36.759681,0,0
2025-05-07T23:35:37.924882,0,0
2025-05-07T23:35:38.761896,0,0
2025-05-07T23:35:39.926794,0,0
2025-05-07T23:35:40.764194,0,0
2025-05-07T23:35:41.929235,0,0
2025-05-07T23:35:42.768822,0,0
2025-05-07T23:35:43.933139,0,0
2025-05-07T23:35:44.771341,0,0
2025-05-07T23:35:45.935520,0,0
2025-05-07T23:35:46.773558,0,0
2025-05-07T23:35:47.938281,0,0
2025-05-07T23:35:48.776867,0,0
2025-05-07T23:35:49.940081,0,0
2025-05-07T23:35:50.778540,0,0
2025-05-07T23:35:51.941769,0,0
2025-05-07T23:35:52.780227,0,0
2025-05-07T23:35:53.944969,0,0
2025-05-07T23:35:54.782660,0,0
2025-05-07T23:35:55.948183,0,0
2025-05-07T23:35:56.785197,0,0
2025-05-07T23:35:57.951015,0,0
2025-05-07T23:35:58.788156,0,0
2025-05-07T23:35:59.953539,0,0
2025-05-07T23:36:00.789834,0,0
2025-05-07T23:36:01.953544,0,0
2025-05-07T23:36:02.790067,0,0
2025-05-07T23:36:03.956571,0,0
2025-05-07T23:36:04.792015,0,0
2025-05-07T23:36:05.958685,0,0
2025-05-07T23:36:06.795100,0,0
2025-05-07T23:36:07.961532,0,0
2025-05-07T23:36:08.797982,0,0
2025-05-07T23:36:09.963725,0,0
2025-05-07T23:36:10.800730,0,0
2025-05-07T23:36:11.966265,0,0
2025-05-07T23:36:12.803524,0,0
2025-05-07T23:36:13.969441,0,0
2025-05-07T23:36:14.806093,0,0
2025-05-07T23:36:15.971686,0,0
2025-05-07T23:36:16.807693,0,0
2025-05-07T23:36:17.973636,0,0
2025-05-07T23:36:18.809424,0,0
2025-05-07T23:36:19.975532,0,0
2025-05-07T23:36:20.811448,0,0
2025-05-07T23:36:21.976961,0,0
2025-05-07T23:36:22.813377,0,0
2025-05-07T23:36:23.980047,0,0
2025-05-07T23:36:24.816805,0,0
2025-05-07T23:36:25.983716,0,0
2025-05-07T23:36:26.817834,0,0
2025-05-07T23:36:27.985382,0,0
2025-05-07T23:36:28.819955,0,0
2025-05-07T23:36:29.987807,0,0
2025-05-07T23:36:30.821678,0,0
2025-05-07T23:36:31.987386,0,0
2025-05-07T23:36:32.821510,0,0
2025-05-07T23:36:33.990408,0,0
2025-05-07T23:36:34.824319,0,0
2025-05-07T23:36:35.992394,0,0
2025-05-07T23:36:36.826326,0,0
2025-05-07T23:36:37.995125,0,0
2025-05-07T23:36:38.828712,0,0
2025-05-07T23:36:39.997160,0,0
2025-05-07T23:36:40.830636,0,0
2025-05-07T23:36:41.999618,0,0
2025-05-07T23:36:42.833189,0,0
2025-05-07T23:36:44.002048,0,0
2025-05-07T23:36:44.834899,0,0
2025-05-07T23:36:46.004338,0,0
2025-05-07T23:36:46.837236,0,0
2025-05-07T23:36:48.006597,0,0
2025-05-07T23:36:48.839361,0,0
2025-05-07T23:36:50.008908,0,0
2025-05-07T23:36:50.841602,0,0
2025-05-07T23:36:52.011260,0,0
2025-05-07T23:36:52.844398,0,0
2025-05-07T23:36:54.013850,0,0
2025-05-07T23:36:54.845958,0,0
2025-05-07T23:36:56.017054,0,0
2025-05-07T23:36:56.847938,0,0
2025-05-07T23:36:58.018781,0,0
2025-05-07T23:36:58.849799,0,0
2025-05-07T23:37:00.021165,0,0
2025-05-07T23:37:00.851737,0,0
2025-05-07T23:37:02.021143,0,0
2025-05-07T23:37:02.851323,0,0
2025-05-07T23:37:04.023317,0,0
2025-05-07T23:37:04.852973,0,0
2025-05-07T23:37:06.024942,0,0
2025-05-07T23:37:06.855263,0,0
2025-05-07T23:37:08.027114,0,0
2025-05-07T23:37:08.857024,0,0
2025-05-07T23:37:10.028983,0,0
2025-05-07T23:37:10.859196,0,0
2025-05-07T23:37:12.030834,0,0
2025-05-07T23:37:12.860890,0,0
2025-05-07T23:37:14.032887,0,0
2025-05-07T23:37:14.863392,0,0
2025-05-07T23:37:16.035024,0,0
2025-05-07T23:37:16.865443,0,0
2025-05-07T23:37:18.037492,0,0
2025-05-07T23:37:18.868042,0,0
2025-05-07T23:37:20.039899,0,0
2025-05-07T23:37:20.870300,0,0
2025-05-07T23:37:22.041986,0,0
2025-05-07T23:37:22.871975,0,0
2025-05-07T23:37:24.043798,0,0
2025-05-07T23:37:24.874172,0,0
2025-05-07T23:37:26.046438,0,0
2025-05-07T23:37:26.878047,0,0
2025-05-07T23:37:28.051401,0,0
2025-05-07T23:37:28.918434,0,0
2025-05-07T23:37:30.052703,0,0
2025-05-07T23:37:30.920495,0,0
2025-05-07T23:37:32.052970,0,0
2025-05-07T23:37:32.920452,0,0
2025-05-07T23:37:34.055134,0,0
2025-05-07T23:37:34.923210,0,0
2025-05-07T23:37:36.057759,0,0
2025-05-07T23:37:36.925334,0,0
2025-05-07T23:37:38.060438,0,0
2025-05-07T23:37:38.927306,0,0
2025-05-07T23:37:40.062503,0,0
2025-05-07T23:37:40.929319,0,0
2025-05-07T23:37:42.064610,0,0
2025-05-07T23:37:42.932362,0,0
2025-05-07T23:37:44.066481,0,0
2025-05-07T23:37:44.934297,0,0
2025-05-07T23:37:46.068152,0,0
2025-05-07T23:37:46.936920,0,0
2025-05-07T23:37:48.070741,0,0
2025-05-07T23:37:48.941304,0,0
2025-05-07T23:37:50.073339,0,0
2025-05-07T23:37:50.942511,0,0
2025-05-07T23:37:52.075883,0,0
2025-05-07T23:37:52.945526,0,0
2025-05-07T23:37:54.078628,0,0
2025-05-07T23:37:54.947790,0,0
2025-05-07T23:37:56.081019,0,0
2025-05-07T23:37:56.950014,0,0
2025-05-07T23:37:58.083430,0,0
2025-05-07T23:37:58.953088,0,0
2025-05-07T23:38:00.085409,0,0
2025-05-07T23:38:00.955225,0,0
2025-05-07T23:38:02.085731,0,0
2025-05-07T23:38:02.955072,0,0
2025-05-07T23:38:04.087551,0,0
2025-05-07T23:38:04.956666,0,0
2025-05-07T23:38:06.090116,0,0
2025-05-07T23:38:06.959765,0,0
2025-05-07T23:38:08.091741,0,0
2025-05-07T23:38:08.962422,0,0
2025-05-07T23:38:10.094319,0,0
2025-05-07T23:38:10.965262,0,0
2025-05-07T23:38:12.096521,0,0
2025-05-07T23:38:12.968061,0,0
2025-05-07T23:38:14.098796,0,0
2025-05-07T23:38:14.971134,0,0
2025-05-07T23:38:16.101392,0,0
2025-05-07T23:38:16.973682,0,0
2025-05-07T23:38:18.104009,0,0
2025-05-07T23:38:18.976607,0,0
2025-05-07T23:38:20.106027,0,0
2025-05-07T23:38:20.979118,0,0
2025-05-07T23:38:22.107910,0,0
2025-05-07T23:38:22.981694,0,0
2025-05-07T23:38:24.109877,0,0
2025-05-07T23:38:24.984279,0,0
2025-05-07T23:38:26.112091,0,0
2025-05-07T23:38:26.987342,0,0
2025-05-07T23:38:28.114514,0,0
2025-05-07T23:38:28.989943,0,0
2025-05-07T23:38:30.117488,0,0
2025-05-07T23:38:30.992682,0,0
2025-05-07T23:38:32.117154,0,0
2025-05-07T23:38:32.993036,0,0
2025-05-07T23:38:34.119127,0,0
2025-05-07T23:38:34.996009,0,0
2025-05-07T23:38:36.121078,0,0
2025-05-07T23:38:36.998857,0,0
2025-05-07T23:38:38.122630,0,0
2025-05-07T23:38:39.001866,0,0
2025-05-07T23:38:40.125588,0,0
2025-05-07T23:38:41.004587,0,0
2025-05-07T23:38:42.137675,0,0
2025-05-07T23:38:43.007568,0,0
2025-05-07T23:38:44.145417,0,0
2025-05-07T23:38:45.009696,0,0
2025-05-07T23:38:46.147951,0,0
2025-05-07T23:38:47.011178,0,0
2025-05-07T23:38:48.150116,0,0
2025-05-07T23:38:49.014553,0,0
2025-05-07T23:38:50.152006,0,0
2025-05-07T23:38:51.016063,0,0
2025-05-07T23:38:52.154484,0,0
2025-05-07T23:38:53.018170,0,0
2025-05-07T23:38:54.155870,0,0
2025-05-07T23:38:55.020177,0,0
2025-05-07T23:38:56.157923,0,0
2025-05-07T23:38:57.022447,0,0
2025-05-07T23:38:58.160297,0,0
2025-05-07T23:38:59.024225,0,0
2025-05-07T23:39:00.161736,0,0
2025-05-07T23:39:01.025973,0,0
2025-05-07T23:39:02.162402,0,0
2025-05-07T23:39:03.026336,0,0
2025-05-07T23:39:04.164240,0,0
2025-05-07T23:39:05.027932,0,0
2025-05-07T23:39:06.165699,0,0
2025-05-07T23:39:07.029889,0,0
2025-05-07T23:39:08.168777,0,0
2025-05-07T23:39:09.031510,0,0
2025-05-07T23:39:10.171595,0,0
2025-05-07T23:39:11.033688,0,0
2025-05-07T23:39:12.173357,0,0
2025-05-07T23:39:13.036142,0,0
2025-05-07T23:39:14.175719,0,0
2025-05-07T23:39:15.039174,0,0
2025-05-07T23:39:16.177873,0,0
2025-05-07T23:39:17.041705,0,0
2025-05-07T23:39:18.179958,0,0
2025-05-07T23:39:19.044513,0,0
2025-05-07T23:39:20.182281,0,0
2025-05-07T23:39:21.047010,0,0
2025-05-07T23:39:22.184704,0,0
2025-05-07T23:39:23.049809,0,0
2025-05-07T23:39:24.186498,0,0
2025-05-07T23:39:25.052812,0,0
2025-05-07T23:39:26.188904,0,0
2025-05-07T23:39:27.055820,0,0
2025-05-07T23:39:28.191328,0,0
2025-05-07T23:39:29.057720,0,0
2025-05-07T23:39:30.194313,0,0
2025-05-07T23:39:31.059808,0,0
2025-05-07T23:39:32.194011,0,0
2025-05-07T23:39:33.059086,0,0
2025-05-07T23:39:34.196719,0,0
2025-05-07T23:39:35.061474,0,0
2025-05-07T23:39:36.199324,0,0
2025-05-07T23:39:37.064300,0,0
2025-05-07T23:39:38.201361,0,0
2025-05-07T23:39:39.067037,0,0
2025-05-07T23:39:40.204102,0,0
2025-05-07T23:39:41.069785,0,0
2025-05-07T23:39:42.206512,0,0
2025-05-07T23:39:43.071859,0,0
2025-05-07T23:39:44.209641,0,0
2025-05-07T23:39:45.074075,0,0
2025-05-07T23:39:46.212602,0,0
2025-05-07T23:39:47.076532,0,0
2025-05-07T23:39:48.214405,0,0
2025-05-07T23:39:49.079050,0,0
2025-05-07T23:39:50.217406,0,0
2025-05-07T23:39:51.081894,0,0
2025-05-07T23:39:52.219450,0,0
2025-05-07T23:39:53.083861,0,0
2025-05-07T23:39:54.222347,0,0
2025-05-07T23:39:55.087064,0,0
2025-05-07T23:39:56.225185,0,0
2025-05-07T23:39:57.089121,0,0
2025-05-07T23:39:58.227812,0,0
2025-05-07T23:39:59.091870,0,0
2025-05-07T23:40:00.230677,0,0
2025-05-07T23:40:01.094585,0,0
2025-05-07T23:40:02.232139,0,0
2025-05-07T23:40:03.095455,0,0
2025-05-07T23:40:04.235220,0,0
2025-05-07T23:40:05.098095,0,0
2025-05-07T23:40:06.238541,0,0
2025-05-07T23:40:07.101115,0,0
2025-05-07T23:40:08.241002,0,0
2025-05-07T23:40:09.103384,0,0
2025-05-07T23:40:10.243164,0,0
2025-05-07T23:40:11.106299,0,0
2025-05-07T23:40:12.245669,0,0
2025-05-07T23:40:13.108017,0,0
2025-05-07T23:40:14.247234,0,0
2025-05-07T23:40:15.109589,0,0
2025-05-07T23:40:16.249447,0,0
2025-05-07T23:40:17.112549,0,0
2025-05-07T23:40:18.251540,0,0
2025-05-07T23:40:19.115764,0,0
2025-05-07T23:40:20.254398,0,0
2025-05-07T23:40:21.117674,0,0
2025-05-07T23:40:22.256097,0,0
2025-05-07T23:40:23.120091,0,0
2025-05-07T23:40:24.258367,0,0
2025-05-07T23:40:25.122092,0,0
2025-05-07T23:40:26.260998,0,0
2025-05-07T23:40:27.125227,0,0
2025-05-07T23:40:28.262655,0,0
2025-05-07T23:40:29.127923,0,0
2025-05-07T23:40:30.264813,0,0
2025-05-07T23:40:31.129301,0,0
2025-05-07T23:40:32.264419,0,0
2025-05-07T23:40:33.129753,0,0
2025-05-07T23:40:34.267805,0,0
2025-05-07T23:40:35.132430,0,0
2025-05-07T23:40:36.270689,0,0
2025-05-07T23:40:37.134041,0,0
2025-05-07T23:40:38.273126,0,0
2025-05-07T23:40:39.135719,0,0
2025-05-07T23:40:40.274893,0,0
2025-05-07T23:40:41.137221,0,0
2025-05-07T23:40:42.277291,0,0
2025-05-07T23:40:43.139548,0,0
2025-05-07T23:40:44.279847,0,0
2025-05-07T23:40:45.141708,0,0
2025-05-07T23:40:46.282966,0,0
2025-05-07T23:40:47.143822,0,0
2025-05-07T23:40:48.285494,0,0
2025-05-07T23:40:49.146435,0,0
2025-05-07T23:40:50.289307,0,0
2025-05-07T23:40:51.149168,0,0
2025-05-07T23:40:52.291592,0,0
2025-05-07T23:40:53.151785,0,0
2025-05-07T23:40:54.295183,0,0
2025-05-07T23:40:55.154748,0,0
2025-05-07T23:40:56.298120,0,0
2025-05-07T23:40:57.157320,0,0
2025-05-07T23:40:58.299654,0,0
2025-05-07T23:40:59.160268,0,0
2025-05-07T23:41:00.302303,0,0
2025-05-07T23:41:01.162625,0,0
2025-05-07T23:41:02.303403,0,0
2025-05-07T23:41:03.163339,0,0
2025-05-07T23:41:04.306159,0,0
2025-05-07T23:41:05.166820,0,0
2025-05-07T23:41:06.309685,0,0
2025-05-07T23:41:07.169621,0,0
2025-05-07T23:41:08.312124,0,0
2025-05-07T23:41:09.172519,0,0
2025-05-07T23:41:10.315277,0,0
2025-05-07T23:41:11.175929,0,0
2025-05-07T23:41:12.317610,0,0
2025-05-07T23:41:13.178853,0,0
2025-05-07T23:41:14.320571,0,0
2025-05-07T23:41:15.181074,0,0
2025-05-07T23:41:16.324452,0,0
2025-05-07T23:41:17.184509,0,0
2025-05-07T23:41:18.326581,0,0
2025-05-07T23:41:19.186859,0,0
2025-05-07T23:41:20.329175,0,0
2025-05-07T23:41:21.189411,0,0
2025-05-07T23:41:22.330932,0,0
2025-05-07T23:41:23.191693,0,0
2025-05-07T23:41:24.334078,0,0
2025-05-07T23:41:25.194162,0,0
2025-05-07T23:41:26.337051,0,0
2025-05-07T23:41:27.197318,0,0
2025-05-07T23:41:28.339462,0,0
2025-05-07T23:41:29.200076,0,0
2025-05-07T23:41:30.342656,0,0
2025-05-07T23:41:31.202351,0,0
2025-05-07T23:41:32.343598,0,0
2025-05-07T23:41:33.203494,0,0
2025-05-07T23:41:34.346950,0,0
2025-05-07T23:41:35.205783,0,0
2025-05-07T23:41:36.350001,0,0
2025-05-07T23:41:37.209082,0,0
2025-05-07T23:41:38.352527,0,0
2025-05-07T23:41:39.212088,0,0
2025-05-07T23:41:40.355201,0,0
2025-05-07T23:41:41.215073,0,0
2025-05-07T23:41:42.357817,0,0
2025-05-07T23:41:43.217916,0,0
2025-05-07T23:41:44.360558,0,0
2025-05-07T23:41:45.220740,0,0
2025-05-07T23:41:46.363203,0,0
2025-05-07T23:41:47.223186,0,0
2025-05-07T23:41:48.365128,0,0
2025-05-07T23:41:49.225323,0,0
2025-05-07T23:41:50.368367,0,0
2025-05-07T23:41:51.228248,0,0
2025-05-07T23:41:52.370681,0,0
2025-05-07T23:41:53.231258,0,0
2025-05-07T23:41:54.373496,0,0
2025-05-07T23:41:55.234412,0,0
2025-05-07T23:41:56.376823,0,0
2025-05-07T23:41:57.237132,0,0
2025-05-07T23:41:58.378882,0,0
2025-05-07T23:41:59.240284,0,0
2025-05-07T23:42:00.382798,0,0
2025-05-07T23:42:01.243054,0,0
2025-05-07T23:42:02.383200,0,0
2025-05-07T23:42:03.244903,0,0
2025-05-07T23:42:04.385741,0,0
2025-05-07T23:42:05.247634,0,0
2025-05-07T23:42:06.388846,0,0
2025-05-07T23:42:07.250539,0,0
2025-05-07T23:42:08.393527,0,0
2025-05-07T23:42:09.253791,0,0
2025-05-07T23:42:10.395942,0,0
2025-05-07T23:42:11.255992,0,0
2025-05-07T23:42:12.397790,0,0
2025-05-07T23:42:13.258494,0,0
2025-05-07T23:42:14.401102,0,0
2025-05-07T23:42:15.260659,0,0
2025-05-07T23:42:16.403739,0,0
2025-05-07T23:42:17.263698,0,0
2025-05-07T23:42:18.405415,0,0
2025-05-07T23:42:19.266602,0,0
2025-05-07T23:42:20.408111,0,0
2025-05-07T23:42:21.268829,0,0
2025-05-07T23:42:22.409930,0,0
2025-05-07T23:42:23.271907,0,0
2025-05-07T23:42:24.413653,0,0
2025-05-07T23:42:25.274599,0,0
2025-05-07T23:42:26.417113,0,0
2025-05-07T23:42:27.277460,0,0
2025-05-07T23:42:28.419636,0,0
2025-05-07T23:42:29.279979,0,0
2025-05-07T23:42:30.422448,0,0
2025-05-07T23:42:31.282643,0,0
2025-05-07T23:42:32.422336,0,0
2025-05-07T23:42:33.283258,0,0
2025-05-07T23:42:34.426263,0,0
2025-05-07T23:42:35.285909,0,0
2025-05-07T23:42:36.429206,0,0
2025-05-07T23:42:37.288810,0,0
2025-05-07T23:42:38.431192,0,0
2025-05-07T23:42:39.290848,0,0
2025-05-07T23:42:40.433938,0,0
2025-05-07T23:42:41.293712,0,0
2025-05-07T23:42:42.436161,0,0
2025-05-07T23:42:43.296437,0,0
2025-05-07T23:42:44.439628,0,0
2025-05-07T23:42:45.298486,0,0
2025-05-07T23:42:46.443678,0,0
2025-05-07T23:42:47.301542,0,0
2025-05-07T23:42:48.446190,0,0
2025-05-07T23:42:49.304766,0,0
2025-05-07T23:42:50.450925,0,0
2025-05-07T23:42:51.307382,0,0
2025-05-07T23:42:52.453718,0,0
2025-05-07T23:42:53.309902,0,0
2025-05-07T23:42:54.457401,0,0
2025-05-07T23:42:55.313087,0,0
2025-05-07T23:42:56.460977,0,0
2025-05-07T23:42:57.316153,0,0
2025-05-07T23:42:58.463776,0,0
2025-05-07T23:42:59.318711,0,0
2025-05-07T23:43:00.467266,0,0
2025-05-07T23:43:01.321493,0,0
2025-05-07T23:43:02.467247,0,0
2025-05-07T23:43:03.322265,0,0
2025-05-07T23:43:04.470633,0,0
2025-05-07T23:43:05.324850,0,0
2025-05-07T23:43:06.473468,0,0
2025-05-07T23:43:07.326882,0,0
2025-05-07T23:43:08.475601,0,0
2025-05-07T23:43:09.329852,0,0
2025-05-07T23:43:10.477990,0,0
2025-05-07T23:43:11.333505,0,0
2025-05-07T23:43:12.480539,0,0
2025-05-07T23:43:13.336186,0,0
2025-05-07T23:43:14.482531,0,0
2025-05-07T23:43:15.338443,0,0
2025-05-07T23:43:16.484727,0,0
2025-05-07T23:43:17.340255,0,0
2025-05-07T23:43:18.486558,0,0
2025-05-07T23:43:19.342493,0,0
2025-05-07T23:43:20.490136,0,0
2025-05-07T23:43:21.344727,0,0
2025-05-07T23:43:22.492266,0,0
2025-05-07T23:43:23.346988,0,0
2025-05-07T23:43:24.494878,0,0
2025-05-07T23:43:25.349690,0,0
2025-05-07T23:43:26.497158,0,0
2025-05-07T23:43:27.351272,0,0
2025-05-07T23:43:28.499631,0,0
2025-05-07T23:43:29.353335,0,0
2025-05-07T23:43:30.502495,0,0
2025-05-07T23:43:31.354455,0,0
2025-05-07T23:43:32.503625,0,0
2025-05-07T23:43:33.356662,0,0
2025-05-07T23:43:34.505503,0,0
2025-05-07T23:43:35.359231,0,0
2025-05-07T23:43:36.507272,0,0
2025-05-07T23:43:37.360957,0,0
2025-05-07T23:43:38.509226,0,0
2025-05-07T23:43:39.363006,0,0
2025-05-07T23:43:40.511156,0,0
2025-05-07T23:43:41.365900,0,0
2025-05-07T23:43:42.513706,0,0
2025-05-07T23:43:43.369008,0,0
2025-05-07T23:43:44.515194,0,0
2025-05-07T23:43:45.371389,0,0
2025-05-07T23:43:46.518841,0,0
2025-05-07T23:43:47.373112,0,0
2025-05-07T23:43:48.519726,0,0
2025-05-07T23:43:49.376240,0,0
2025-05-07T23:43:50.521298,0,0
2025-05-07T23:43:51.379432,0,0
2025-05-07T23:43:52.523137,0,0
2025-05-07T23:43:53.384141,0,0
2025-05-07T23:43:54.527135,0,0
2025-05-07T23:43:55.386452,0,0
2025-05-07T23:43:56.527432,0,0
2025-05-07T23:43:57.388580,0,0
2025-05-07T23:43:58.528469,0,0
2025-05-07T23:43:59.391231,0,0
2025-05-07T23:44:00.530412,0,0
2025-05-07T23:44:01.391633,0,0
2025-05-07T23:44:02.530757,0,0
2025-05-07T23:44:03.394734,0,0
2025-05-07T23:44:04.533497,0,0
2025-05-07T23:44:05.397619,0,0
2025-05-07T23:44:06.536838,0,0
2025-05-07T23:44:07.399487,0,0
2025-05-07T23:44:08.539200,0,0
2025-05-07T23:44:09.402865,0,0
2025-05-07T23:44:10.541489,0,0
2025-05-07T23:44:11.406038,0,0
2025-05-07T23:44:12.543618,0,0
2025-05-07T23:44:13.408438,0,0
2025-05-07T23:44:14.546425,0,0
2025-05-07T23:44:15.411607,0,0
2025-05-07T23:44:16.549323,0,0
2025-05-07T23:44:17.413628,0,0
2025-05-07T23:44:18.551379,0,0
2025-05-07T23:44:19.416709,0,0
2025-05-07T23:44:20.552876,0,0
2025-05-07T23:44:21.419125,0,0
2025-05-07T23:44:22.554505,0,0
2025-05-07T23:44:23.421878,0,0
2025-05-07T23:44:24.556426,0,0
2025-05-07T23:44:25.424615,0,0
2025-05-07T23:44:26.558767,0,0
2025-05-07T23:44:27.426338,0,0
2025-05-07T23:44:28.560805,0,0
2025-05-07T23:44:29.428472,0,0
2025-05-07T23:44:30.562667,0,0
2025-05-07T23:44:31.429179,0,0
2025-05-07T23:44:32.563157,0,0
2025-05-07T23:44:33.432161,0,0
2025-05-07T23:44:34.565360,0,0
2025-05-07T23:44:35.434518,0,0
2025-05-07T23:44:36.567784,0,0
2025-05-07T23:44:37.436500,0,0
2025-05-07T23:44:38.569559,0,0
2025-05-07T23:44:39.439420,0,0
2025-05-07T23:44:40.570812,0,0
2025-05-07T23:44:41.441693,0,0
2025-05-07T23:44:42.572528,0,0
2025-05-07T23:44:43.444596,0,0
2025-05-07T23:44:44.574528,0,0
2025-05-07T23:44:45.448025,0,0
2025-05-07T23:44:46.576780,0,0
2025-05-07T23:44:47.450460,0,0
2025-05-07T23:44:48.578751,0,0
2025-05-07T23:44:49.452880,0,0
2025-05-07T23:44:50.580930,0,0
2025-05-07T23:44:51.456785,0,0
2025-05-07T23:44:52.583375,0,0
2025-05-07T23:44:53.459122,0,0
2025-05-07T23:44:54.585445,0,0
2025-05-07T23:44:55.461695,0,0
2025-05-07T23:44:56.587259,0,0
2025-05-07T23:44:57.463930,0,0
2025-05-07T23:44:58.589277,0,0
2025-05-07T23:44:59.466556,0,0
2025-05-07T23:45:00.591577,0,0
2025-05-07T23:45:01.466661,0,0
2025-05-07T23:45:02.590722,0,0
2025-05-07T23:45:03.469305,0,0
2025-05-07T23:45:04.592814,0,0
2025-05-07T23:45:05.471588,0,0
2025-05-07T23:45:06.595804,0,0
2025-05-07T23:45:07.474358,0,0
2025-05-07T23:45:08.598819,0,0
2025-05-07T23:45:09.479398,0,0
2025-05-07T23:45:10.602923,0,0
2025-05-07T23:45:11.481250,0,0
2025-05-07T23:45:12.605708,0,0
2025-05-07T23:45:13.483531,0,0
2025-05-07T23:45:14.607992,0,0
2025-05-07T23:45:15.486423,0,0
2025-05-07T23:45:16.610322,0,0
2025-05-07T23:45:17.488528,0,0
2025-05-07T23:45:18.612742,0,0
2025-05-07T23:45:19.492245,0,0
2025-05-07T23:45:20.615259,0,0
2025-05-07T23:45:21.495501,0,0
2025-05-07T23:45:22.617133,0,0
2025-05-07T23:45:23.498290,0,0
2025-05-07T23:45:24.619597,0,0
2025-05-07T23:45:25.500535,0,0
2025-05-07T23:45:26.621657,0,0
2025-05-07T23:45:27.502056,0,0
2025-05-07T23:45:28.623614,0,0
2025-05-07T23:45:29.504749,0,0
2025-05-07T23:45:30.626524,0,0
2025-05-07T23:45:31.505024,0,0
2025-05-07T23:45:32.625628,0,0
2025-05-07T23:45:33.507921,0,0
2025-05-07T23:45:34.628472,0,0
2025-05-07T23:45:35.510620,0,0
2025-05-07T23:45:36.631312,0,0
2025-05-07T23:45:37.513274,0,0
2025-05-07T23:45:38.633239,0,0
2025-05-07T23:45:39.516239,0,0
2025-05-07T23:45:40.636141,0,0
2025-05-07T23:45:41.519189,0,0
2025-05-07T23:45:42.638879,0,0
2025-05-07T23:45:43.521764,0,0
2025-05-07T23:45:44.641737,0,0
2025-05-07T23:45:45.525170,0,0
2025-05-07T23:45:46.644798,0,0
2025-05-07T23:45:47.527267,0,0
2025-05-07T23:45:48.646198,0,0
2025-05-07T23:45:49.530275,0,0
2025-05-07T23:45:50.648815,0,0
2025-05-07T23:45:51.533239,0,0
2025-05-07T23:45:52.651240,0,0
2025-05-07T23:45:53.536413,0,0
2025-05-07T23:45:54.654064,0,0
2025-05-07T23:45:55.538366,0,0
2025-05-07T23:45:56.656932,0,0
2025-05-07T23:45:57.540365,0,0
2025-05-07T23:45:58.660357,0,0
2025-05-07T23:45:59.543916,0,0
2025-05-07T23:46:00.664480,0,0
2025-05-07T23:46:01.544607,0,0
2025-05-07T23:46:02.664534,0,0
2025-05-07T23:46:03.547005,0,0
2025-05-07T23:46:04.667433,0,0
2025-05-07T23:46:05.549384,0,0
2025-05-07T23:46:06.670920,0,0
2025-05-07T23:46:07.551693,0,0
2025-05-07T23:46:08.672965,0,0
2025-05-07T23:46:09.554308,0,0
2025-05-07T23:46:10.675784,0,0
2025-05-07T23:46:11.556720,0,0
2025-05-07T23:46:12.679198,0,0
2025-05-07T23:46:13.560349,0,0
2025-05-07T23:46:14.682596,0,0
2025-05-07T23:46:15.563189,0,0
2025-05-07T23:46:16.683876,0,0
2025-05-07T23:46:17.564783,0,0
2025-05-07T23:46:18.686173,0,0
2025-05-07T23:46:19.567972,0,0
2025-05-07T23:46:20.689102,0,0
2025-05-07T23:46:21.571194,0,0
2025-05-07T23:46:22.692122,0,0
2025-05-07T23:46:23.574460,0,0
2025-05-07T23:46:24.695431,0,0
2025-05-07T23:46:25.577319,0,0
2025-05-07T23:46:26.698550,0,0
2025-05-07T23:46:27.579128,0,0
2025-05-07T23:46:28.700989,0,0
2025-05-07T23:46:29.581532,0,0
2025-05-07T23:46:30.703785,0,0
2025-05-07T23:46:31.581229,0,0
2025-05-07T23:46:32.704197,0,0
2025-05-07T23:46:33.583745,0,0
2025-05-07T23:46:34.706803,0,0
2025-05-07T23:46:35.586783,0,0
2025-05-07T23:46:36.709247,0,0
2025-05-07T23:46:37.589209,0,0
2025-05-07T23:46:38.710935,0,0
2025-05-07T23:46:39.592160,0,0
2025-05-07T23:46:40.714139,0,0
2025-05-07T23:46:41.595304,0,0
2025-05-07T23:46:42.716575,0,0
2025-05-07T23:46:43.598797,0,0
2025-05-07T23:46:44.719427,0,0
2025-05-07T23:46:45.601288,0,0
2025-05-07T23:46:46.722447,0,0
2025-05-07T23:46:47.602895,0,0
2025-05-07T23:46:48.724694,0,0
2025-05-07T23:46:49.605688,0,0
2025-05-07T23:46:50.727803,0,0
2025-05-07T23:46:51.608156,0,0
2025-05-07T23:46:52.731035,0,0
2025-05-07T23:46:53.610954,0,0
2025-05-07T23:46:54.733610,0,0
2025-05-07T23:46:55.613903,0,0
2025-05-07T23:46:56.736354,0,0
2025-05-07T23:46:57.616987,0,0
2025-05-07T23:46:58.738938,0,0
2025-05-07T23:46:59.619184,0,0
2025-05-07T23:47:00.741911,0,0
2025-05-07T23:47:01.619850,0,0
2025-05-07T23:47:02.742050,0,0
2025-05-07T23:47:03.622276,0,0
2025-05-07T23:47:04.745487,0,0
2025-05-07T23:47:05.624657,0,0
2025-05-07T23:47:06.747804,0,0
2025-05-07T23:47:07.627042,0,0
2025-05-07T23:47:08.749964,0,0
2025-05-07T23:47:09.629624,0,0
2025-05-07T23:47:10.753380,0,0
2025-05-07T23:47:11.633015,0,0
2025-05-07T23:47:12.755503,0,0
2025-05-07T23:47:13.635907,0,0
2025-05-07T23:47:14.758887,0,0
2025-05-07T23:47:15.431745,0,0
2025-05-07T23:47:15.640121,0,0
2025-05-07T23:47:16.763919,0,0
2025-05-07T23:47:17.428014,0,0
2025-05-07T23:47:17.641550,0,0
2025-05-07T23:47:18.766047,0,0
2025-05-07T23:47:19.429188,0,0
2025-05-07T23:47:19.644342,0,0
2025-05-07T23:47:20.768555,0,0
2025-05-07T23:47:21.431592,0,0
2025-05-07T23:47:21.646494,0,0
2025-05-07T23:47:22.771226,0,0
2025-05-07T23:47:23.435149,0,0
2025-05-07T23:47:23.648854,0,0
2025-05-07T23:47:24.774336,0,0
2025-05-07T23:47:25.437379,0,0
2025-05-07T23:47:25.652073,0,0
2025-05-07T23:47:26.776963,0,0
2025-05-07T23:47:27.440088,0,0
2025-05-07T23:47:27.653944,0,0
2025-05-07T23:47:28.779100,0,0
2025-05-07T23:47:29.442723,0,0
2025-05-07T23:47:29.655741,0,0
2025-05-07T23:47:30.781793,0,0
2025-05-07T23:47:31.442596,0,0
2025-05-07T23:47:31.655496,0,0
2025-05-07T23:47:32.782567,0,0
2025-05-07T23:47:33.446034,0,0
2025-05-07T23:47:33.658000,0,0
2025-05-07T23:47:34.784746,0,0
2025-05-07T23:47:35.447796,0,0
2025-05-07T23:47:35.659843,0,0
2025-05-07T23:47:36.787344,0,0
2025-05-07T23:47:37.451390,0,0
2025-05-07T23:47:37.662350,0,0
2025-05-07T23:47:38.789227,0,0
2025-05-07T23:47:39.453329,0,0
2025-05-07T23:47:39.664011,0,0
2025-05-07T23:47:40.792124,0,0
2025-05-07T23:47:41.455747,0,0
2025-05-07T23:47:41.666719,0,0
2025-05-07T23:47:42.795585,0,0
2025-05-07T23:47:43.457961,0,0
2025-05-07T23:47:43.669001,0,0
2025-05-07T23:47:44.797668,0,0
2025-05-07T23:47:45.459658,0,0
2025-05-07T23:47:45.671886,0,0
2025-05-07T23:47:46.800543,0,0
2025-05-07T23:47:47.462543,0,0
2025-05-07T23:47:47.673662,0,0
2025-05-07T23:47:48.803118,0,0
2025-05-07T23:47:49.465348,0,0
2025-05-07T23:47:49.676776,0,0
2025-05-07T23:47:50.805646,0,0
2025-05-07T23:47:51.467775,0,0
2025-05-07T23:47:51.678657,0,0
2025-05-07T23:47:52.808372,0,0
2025-05-07T23:47:53.471047,0,0
2025-05-07T23:47:53.681007,0,0
2025-05-07T23:47:54.811505,0,0
2025-05-07T23:47:55.473092,0,0
2025-05-07T23:47:55.683053,0,0
2025-05-07T23:47:56.813527,0,0
2025-05-07T23:47:57.475332,0,0
2025-05-07T23:47:57.685583,0,0
2025-05-07T23:47:58.815234,0,0
2025-05-07T23:47:59.478326,0,0
2025-05-07T23:47:59.687258,0,0
2025-05-07T23:48:00.818296,0,0
2025-05-07T23:48:01.478368,0,0
2025-05-07T23:48:01.686938,0,0
2025-05-07T23:48:02.818484,0,0
2025-05-07T23:48:03.481698,0,0
2025-05-07T23:48:03.689367,0,0
2025-05-07T23:48:04.821155,0,0
2025-05-07T23:48:05.484239,0,0
2025-05-07T23:48:05.691729,0,0
2025-05-07T23:48:06.823740,0,0
2025-05-07T23:48:07.486360,0,0
2025-05-07T23:48:07.693931,0,0
2025-05-07T23:48:08.826632,0,0
2025-05-07T23:48:09.489486,0,0
2025-05-07T23:48:09.697298,0,0
2025-05-07T23:48:10.829507,0,0
2025-05-07T23:48:11.492136,0,0
2025-05-07T23:48:11.699630,0,0
2025-05-07T23:48:12.831517,0,0
2025-05-07T23:48:13.494914,0,0
2025-05-07T23:48:13.702556,0,0
2025-05-07T23:48:14.833637,0,0
2025-05-07T23:48:15.496541,0,0
2025-05-07T23:48:15.705204,0,0
2025-05-07T23:48:16.837379,0,0
2025-05-07T23:48:17.498669,0,0
2025-05-07T23:48:17.707075,0,0
2025-05-07T23:48:18.838977,0,0
2025-05-07T23:48:19.501994,0,0
2025-05-07T23:48:19.709554,0,0
2025-05-07T23:48:20.841536,0,0
2025-05-07T23:48:21.503964,0,0
2025-05-07T23:48:21.711993,0,0
2025-05-07T23:48:22.843789,0,0
2025-05-07T23:48:23.506831,0,0
2025-05-07T23:48:23.714290,0,0
2025-05-07T23:48:24.846172,0,0
2025-05-07T23:48:25.438211,0,0
2025-05-07T23:48:25.715818,0,0
2025-05-07T23:48:26.848044,0,0
2025-05-07T23:48:27.717607,0,0
2025-05-07T23:48:28.850543,0,0
2025-05-07T23:48:29.720183,0,0
2025-05-07T23:48:30.853254,0,0
2025-05-07T23:48:31.721164,0,0
2025-05-07T23:48:32.854844,0,0
2025-05-07T23:48:33.724563,0,0
2025-05-07T23:48:34.856504,0,0
2025-05-07T23:48:35.725755,0,0
2025-05-07T23:48:36.673369,0,0
2025-05-07T23:48:36.858542,0,0
2025-05-07T23:48:37.729500,0,0
2025-05-07T23:48:38.676859,0,0
2025-05-07T23:48:38.861279,0,0
2025-05-07T23:48:39.732008,0,0
2025-05-07T23:48:40.679277,0,0
2025-05-07T23:48:40.862767,0,0
2025-05-07T23:48:41.735052,0,0
2025-05-07T23:48:42.682478,0,0
2025-05-07T23:48:42.864881,0,0
2025-05-07T23:48:43.738176,0,0
2025-05-07T23:48:44.685390,0,0
2025-05-07T23:48:44.866735,0,0
2025-05-07T23:48:45.740588,0,0
2025-05-07T23:48:46.687514,0,0
2025-05-07T23:48:46.869045,0,0
2025-05-07T23:48:47.742817,0,0
2025-05-07T23:48:48.690713,0,0
2025-05-07T23:48:48.870783,0,0
2025-05-07T23:48:49.746046,0,0
2025-05-07T23:48:50.695314,0,0
2025-05-07T23:48:50.874560,0,0
2025-05-07T23:48:51.750413,0,0
2025-05-07T23:48:52.699886,0,0
2025-05-07T23:48:52.876620,0,0
2025-05-07T23:48:53.753913,0,0
2025-05-07T23:48:54.701795,0,0
2025-05-07T23:48:54.878885,0,0
2025-05-07T23:48:55.755835,0,0
2025-05-07T23:48:56.703420,0,0
2025-05-07T23:48:56.880379,0,0
2025-05-07T23:48:57.758067,0,0
2025-05-07T23:48:58.706253,0,0
2025-05-07T23:48:58.882048,0,0
2025-05-07T23:48:59.760818,0,0
2025-05-07T23:49:00.708069,0,0
2025-05-07T23:49:00.884433,0,0
2025-05-07T23:49:01.760149,0,0
2025-05-07T23:49:02.706779,0,0
2025-05-07T23:49:02.882783,0,0
2025-05-07T23:49:03.762535,0,0
2025-05-07T23:49:04.709513,0,0
2025-05-07T23:49:04.884463,0,0
2025-05-07T23:49:05.765243,0,0
2025-05-07T23:49:06.711652,0,0
2025-05-07T23:49:06.886309,0,0
2025-05-07T23:49:07.767383,0,0
2025-05-07T23:49:08.714218,0,0
2025-05-07T23:49:08.889049,0,0
2025-05-07T23:49:09.770959,0,0
2025-05-07T23:49:10.717559,0,0
2025-05-07T23:49:10.890929,0,0
2025-05-07T23:49:11.774297,0,0
2025-05-07T23:49:12.720140,0,0
2025-05-07T23:49:12.893338,0,0
2025-05-07T23:49:13.776628,0,0
2025-05-07T23:49:14.722451,0,0
2025-05-07T23:49:14.895581,0,0
2025-05-07T23:49:15.778509,0,0
2025-05-07T23:49:16.724473,0,0
2025-05-07T23:49:16.897946,0,0
2025-05-07T23:49:17.781072,0,0
2025-05-07T23:49:18.726543,0,0
2025-05-07T23:49:18.899524,0,0
2025-05-07T23:49:19.783702,0,0
2025-05-07T23:49:20.729063,0,0
2025-05-07T23:49:20.900903,0,0
2025-05-07T23:49:21.785966,0,0
2025-05-07T23:49:22.730957,0,0
2025-05-07T23:49:22.902893,0,0
2025-05-07T23:49:23.788868,0,0
2025-05-07T23:49:24.733032,0,0
2025-05-07T23:49:24.905313,0,0
2025-05-07T23:49:25.791153,0,0
2025-05-07T23:49:26.735406,0,0
2025-05-07T23:49:26.907625,0,0
2025-05-07T23:49:27.793637,0,0
2025-05-07T23:49:28.737549,0,0
2025-05-07T23:49:28.910046,0,0
2025-05-07T23:49:29.796194,0,0
2025-05-07T23:49:30.741698,0,0
2025-05-07T23:49:30.912234,0,0
2025-05-07T23:49:31.797995,0,0
2025-05-07T23:49:32.741755,0,0
2025-05-07T23:49:32.912197,0,0
2025-05-07T23:49:33.802185,0,0
2025-05-07T23:49:34.743659,0,0
2025-05-07T23:49:34.915454,0,0
2025-05-07T23:49:35.804464,0,0
2025-05-07T23:49:36.745400,0,0
2025-05-07T23:49:36.917517,0,0
2025-05-07T23:49:37.808013,0,0
2025-05-07T23:49:38.747164,0,0
2025-05-07T23:49:38.919458,0,0
2025-05-07T23:49:39.810543,0,0
2025-05-07T23:49:40.750253,0,0
2025-05-07T23:49:40.921352,0,0
2025-05-07T23:49:41.813485,0,0
2025-05-07T23:49:42.752280,0,0
2025-05-07T23:49:42.922790,0,0
2025-05-07T23:49:43.816030,0,0
2025-05-07T23:49:44.754420,0,0
2025-05-07T23:49:44.924484,0,0
2025-05-07T23:49:45.820885,0,0
2025-05-07T23:49:46.756417,0,0
2025-05-07T23:49:46.926418,0,0
2025-05-07T23:49:47.823138,0,0
2025-05-07T23:49:48.759195,0,0
2025-05-07T23:49:48.928213,0,0
2025-05-07T23:49:49.825374,0,0
2025-05-07T23:49:50.761258,0,0
2025-05-07T23:49:50.930347,0,0
2025-05-07T23:49:51.827314,0,0
2025-05-07T23:49:52.764385,0,0
2025-05-07T23:49:52.932648,0,0
2025-05-07T23:49:53.829539,0,0
2025-05-07T23:49:54.767206,0,0
2025-05-07T23:49:54.934353,0,0
2025-05-07T23:49:55.832252,0,0
2025-05-07T23:49:56.769240,0,0
2025-05-07T23:49:56.936620,0,0
2025-05-07T23:49:57.833902,0,0
2025-05-07T23:49:58.771778,0,0
2025-05-07T23:49:58.938751,0,0
2025-05-07T23:49:59.836622,0,0
2025-05-07T23:50:00.773257,0,0
2025-05-07T23:50:00.940166,0,0
2025-05-07T23:50:01.837118,0,0
2025-05-07T23:50:02.773910,0,0
2025-05-07T23:50:02.939821,0,0
2025-05-07T23:50:03.839554,0,0
2025-05-07T23:50:03.936099,0,0
2025-05-07T23:50:03.936669,0,0
2025-05-07T23:50:03.937126,0,0
2025-05-07T23:50:04.776649,0,0
2025-05-07T23:50:04.941767,0,0
2025-05-07T23:50:05.841568,0,0
2025-05-07T23:50:06.779131,0,0
2025-05-07T23:50:06.943753,0,0
2025-05-07T23:50:07.844147,0,0
2025-05-07T23:50:08.781427,0,0
2025-05-07T23:50:08.946442,0,0
2025-05-07T23:50:09.846459,0,0
2025-05-07T23:50:10.784095,0,0
2025-05-07T23:50:10.948086,0,0
2025-05-07T23:50:11.849231,0,0
2025-05-07T23:50:12.787218,0,0
2025-05-07T23:50:12.950152,0,0
2025-05-07T23:50:13.851542,0,0
2025-05-07T23:50:14.790199,0,0
2025-05-07T23:50:14.952131,0,0
2025-05-07T23:50:15.852999,0,0
2025-05-07T23:50:16.792286,0,0
2025-05-07T23:50:16.954109,0,0
2025-05-07T23:50:17.855376,0,0
2025-05-07T23:50:18.795083,0,0
2025-05-07T23:50:18.955554,0,0
2025-05-07T23:50:19.858077,0,0
2025-05-07T23:50:20.797650,0,0
2025-05-07T23:50:20.957407,0,0
2025-05-07T23:50:21.861266,0,0
2025-05-07T23:50:22.800392,0,0
2025-05-07T23:50:22.959136,0,0
2025-05-07T23:50:23.864482,0,0
2025-05-07T23:50:24.803758,0,0
2025-05-07T23:50:24.962222,0,0
2025-05-07T23:50:25.866229,0,0
2025-05-07T23:50:26.805348,0,0
2025-05-07T23:50:26.963996,0,0
2025-05-07T23:50:27.869511,0,0
2025-05-07T23:50:28.808716,0,0
2025-05-07T23:50:28.966511,0,0
2025-05-07T23:50:29.871768,0,0
2025-05-07T23:50:30.811591,0,0
2025-05-07T23:50:30.968518,0,0
2025-05-07T23:50:31.872053,0,0
2025-05-07T23:50:32.811755,0,0
2025-05-07T23:50:32.967289,0,0
2025-05-07T23:50:33.874981,0,0
2025-05-07T23:50:34.815070,0,0
2025-05-07T23:50:34.969501,0,0
2025-05-07T23:50:35.877194,0,0
2025-05-07T23:50:36.816648,0,0
2025-05-07T23:50:36.971095,0,0
2025-05-07T23:50:37.879498,0,0
2025-05-07T23:50:38.820059,0,0
2025-05-07T23:50:38.973574,0,0
2025-05-07T23:50:39.881904,0,0
2025-05-07T23:50:40.822482,0,0
2025-05-07T23:50:40.976024,0,0
2025-05-07T23:50:41.884369,0,0
2025-05-07T23:50:42.825724,0,0
2025-05-07T23:50:42.978063,0,0
2025-05-07T23:50:43.887644,0,0
2025-05-07T23:50:44.828521,0,0
2025-05-07T23:50:44.980502,0,0
2025-05-07T23:50:45.889494,0,0
2025-05-07T23:50:46.831290,0,0
2025-05-07T23:50:46.982462,0,0
2025-05-07T23:50:47.892179,0,0
2025-05-07T23:50:48.833968,0,0
2025-05-07T23:50:48.984621,0,0
2025-05-07T23:50:49.895368,0,0
2025-05-07T23:50:50.837208,0,0
2025-05-07T23:50:50.986476,0,0
2025-05-07T23:50:51.897637,0,0
2025-05-07T23:50:52.840257,0,0
2025-05-07T23:50:52.988693,0,0
2025-05-07T23:50:53.899906,0,0
2025-05-07T23:50:54.843371,0,0
2025-05-07T23:50:54.990938,0,0
2025-05-07T23:50:55.902623,0,0
2025-05-07T23:50:56.846359,0,0
2025-05-07T23:50:56.993425,0,0
2025-05-07T23:50:57.904719,0,0
2025-05-07T23:50:58.849487,0,0
2025-05-07T23:50:58.995236,0,0
2025-05-07T23:50:59.908147,0,0
2025-05-07T23:51:00.852753,0,0
2025-05-07T23:51:00.997403,0,0
2025-05-07T23:51:01.909217,0,0
2025-05-07T23:51:02.853948,0,0
2025-05-07T23:51:02.997206,0,0
2025-05-07T23:51:03.911586,0,0
2025-05-07T23:51:04.857014,0,0
2025-05-07T23:51:04.999460,0,0
2025-05-07T23:51:05.657303,0,0
2025-05-07T23:51:05.914035,0,0
2025-05-07T23:51:07.002122,0,0
2025-05-07T23:51:07.916182,0,0
2025-05-07T23:51:09.004277,0,0
2025-05-07T23:51:09.918701,0,0
2025-05-07T23:51:11.007684,0,0
2025-05-07T23:51:11.921247,0,0
2025-05-07T23:51:13.011052,0,0
2025-05-07T23:51:13.924263,0,0
2025-05-07T23:51:15.013885,0,0
2025-05-07T23:51:15.925902,0,0
2025-05-07T23:51:17.015377,0,0
2025-05-07T23:51:17.929109,0,0
2025-05-07T23:51:19.017632,0,0
2025-05-07T23:51:19.931103,0,0
2025-05-07T23:51:21.020472,0,0
2025-05-07T23:51:21.934062,0,0
2025-05-07T23:51:23.023442,0,0
2025-05-07T23:51:23.936937,0,0
2025-05-07T23:51:25.026055,0,0
2025-05-07T23:51:25.939187,0,0
2025-05-07T23:51:26.269497,0,0
2025-05-07T23:51:26.270623,0,0
2025-05-07T23:51:26.271114,0,0
2025-05-07T23:51:26.271581,0,0
2025-05-07T23:51:26.272254,0,0
2025-05-07T23:51:26.272751,0,0
2025-05-07T23:51:26.273353,0,0
2025-05-07T23:51:26.274308,0,0
2025-05-07T23:51:26.275237,0,0
2025-05-07T23:51:26.275918,0,0
2025-05-07T23:51:26.276393,0,0
2025-05-07T23:51:26.277102,0,0
2025-05-07T23:51:26.277920,0,0
2025-05-07T23:51:26.278521,0,0
2025-05-07T23:51:26.278973,0,0
2025-05-07T23:51:26.279354,0,0
2025-05-07T23:51:27.037118,0,0
2025-05-07T23:51:27.941925,0,0
2025-05-07T23:51:29.037890,0,0
2025-05-07T23:51:29.944197,0,0
2025-05-07T23:51:31.032907,0,0
2025-05-07T23:51:31.943778,0,0
2025-05-07T23:51:33.033286,0,0
2025-05-07T23:51:33.946974,0,0
2025-05-07T23:51:35.036254,0,0
2025-05-07T23:51:35.949568,0,0
2025-05-07T23:51:37.040541,0,0
2025-05-07T23:51:37.951920,0,0
2025-05-07T23:51:39.043079,0,0
2025-05-07T23:51:39.955978,0,0
2025-05-07T23:51:41.046400,0,0
2025-05-07T23:51:41.958779,0,0
2025-05-07T23:51:43.049406,0,0
2025-05-07T23:51:43.962794,0,0
2025-05-07T23:51:45.053138,0,0
2025-05-07T23:51:45.964135,0,0
2025-05-07T23:51:47.056444,0,0
2025-05-07T23:51:47.966547,0,0
2025-05-07T23:51:49.060914,0,0
2025-05-07T23:51:49.969731,0,0
2025-05-07T23:51:51.063358,0,0
2025-05-07T23:51:51.972731,0,0
2025-05-07T23:51:53.066408,0,0
2025-05-07T23:51:53.975741,0,0
2025-05-07T23:51:55.070211,0,0
2025-05-07T23:51:55.978969,0,0
2025-05-07T23:51:57.073183,0,0
2025-05-07T23:51:57.981612,0,0
2025-05-07T23:51:59.075193,0,0
2025-05-07T23:51:59.984412,0,0
2025-05-07T23:52:01.078905,0,0
2025-05-07T23:52:01.985365,0,0
2025-05-07T23:52:03.079496,0,0
2025-05-07T23:52:03.987964,0,0
2025-05-07T23:52:05.083252,0,0
2025-05-07T23:52:05.990266,0,0
2025-05-07T23:52:07.085347,0,0
2025-05-07T23:52:07.992595,0,0
2025-05-07T23:52:09.087881,0,0
2025-05-07T23:52:09.995417,0,0
2025-05-07T23:52:11.090544,0,0
2025-05-07T23:52:11.998123,0,0
2025-05-07T23:52:13.094061,0,0
2025-05-07T23:52:14.000699,0,0
2025-05-07T23:52:15.096999,0,0
2025-05-07T23:52:16.002876,0,0
2025-05-07T23:52:17.100226,0,0
2025-05-07T23:52:18.005489,0,0
2025-05-07T23:52:19.107806,0,0
2025-05-07T23:52:20.010788,0,0
2025-05-07T23:52:21.112832,0,0
2025-05-07T23:52:22.016337,0,0
2025-05-07T23:52:23.113959,0,0
2025-05-07T23:52:24.018481,0,0
2025-05-07T23:52:25.117738,0,0
2025-05-07T23:52:26.020260,0,0
2025-05-07T23:52:27.121086,0,0
2025-05-07T23:52:28.022536,0,0
2025-05-07T23:52:29.123328,0,0
2025-05-07T23:52:30.024655,0,0
2025-05-07T23:52:31.126254,0,0
2025-05-07T23:52:32.025621,0,0
2025-05-07T23:52:33.127266,0,0
2025-05-07T23:52:34.028744,0,0
2025-05-07T23:52:35.129979,0,0
2025-05-07T23:52:36.031186,0,0
2025-05-07T23:52:37.132676,0,0
2025-05-07T23:52:38.034359,0,0
2025-05-07T23:52:39.134921,0,0
2025-05-07T23:52:40.036737,0,0
2025-05-07T23:52:41.139172,0,0
2025-05-07T23:52:42.040759,0,0
2025-05-07T23:52:43.141752,0,0
2025-05-07T23:52:44.043614,0,0
2025-05-07T23:52:45.144647,0,0
2025-05-07T23:52:46.045547,0,0
2025-05-07T23:52:47.148125,0,0
2025-05-07T23:52:48.048045,0,0
2025-05-07T23:52:49.150217,0,0
2025-05-07T23:52:50.050722,0,0
2025-05-07T23:52:51.152894,0,0
2025-05-07T23:52:52.054260,0,0
2025-05-07T23:52:53.155463,0,0
2025-05-07T23:52:54.057323,0,0
2025-05-07T23:52:55.157891,0,0
2025-05-07T23:52:56.059658,0,0
2025-05-07T23:52:57.160418,0,0
2025-05-07T23:52:57.345386,0,0
2025-05-07T23:52:57.347673,0,0
2025-05-07T23:52:58.062813,0,0
2025-05-07T23:52:59.162760,0,0
2025-05-07T23:53:00.066033,0,0
2025-05-07T23:53:01.165558,0,0
2025-05-07T23:53:02.066835,0,0
2025-05-07T23:53:02.733792,0,0
2025-05-07T23:53:03.170405,0,0
2025-05-07T23:53:04.069931,0,0
2025-05-07T23:53:04.737339,0,0
2025-05-07T23:53:05.174394,0,0
2025-05-07T23:53:06.073791,0,0
2025-05-07T23:53:06.738919,0,0
2025-05-07T23:53:07.177031,0,0
2025-05-07T23:53:08.078533,0,0
2025-05-07T23:53:08.740097,0,0
2025-05-07T23:53:09.179125,0,0
2025-05-07T23:53:10.079739,0,0
2025-05-07T23:53:10.741389,0,0
2025-05-07T23:53:11.181554,0,0
2025-05-07T23:53:12.083233,0,0
2025-05-07T23:53:12.744486,0,0
2025-05-07T23:53:13.183769,0,0
2025-05-07T23:53:14.085800,0,0
2025-05-07T23:53:14.746952,0,0
2025-05-07T23:53:15.185735,0,0
2025-05-07T23:53:16.088352,0,0
2025-05-07T23:53:16.748830,0,0
2025-05-07T23:53:17.188862,0,0
2025-05-07T23:53:18.090254,0,0
2025-05-07T23:53:18.751127,0,0
2025-05-07T23:53:19.190784,0,0
2025-05-07T23:53:20.092608,0,0
2025-05-07T23:53:20.753498,0,0
2025-05-07T23:53:21.193346,0,0
2025-05-07T23:53:22.095499,0,0
2025-05-07T23:53:22.755626,0,0
2025-05-07T23:53:23.196031,0,0
2025-05-07T23:53:24.098804,0,0
2025-05-07T23:53:24.757606,0,0
2025-05-07T23:53:25.198225,0,0
2025-05-07T23:53:26.100211,0,0
2025-05-07T23:53:26.759442,0,0
2025-05-07T23:53:27.200191,0,0
2025-05-07T23:53:28.102905,0,0
2025-05-07T23:53:28.760999,0,0
2025-05-07T23:53:29.202600,0,0
2025-05-07T23:53:30.105573,0,0
2025-05-07T23:53:30.762491,0,0
2025-05-07T23:53:31.205129,0,0
2025-05-07T23:53:32.105243,0,0
2025-05-07T23:53:32.762198,0,0
2025-05-07T23:53:33.205324,0,0
2025-05-07T23:53:34.107253,0,0
2025-05-07T23:53:34.764068,0,0
2025-05-07T23:53:35.207748,0,0
2025-05-07T23:53:36.109823,0,0
2025-05-07T23:53:36.766027,0,0
2025-05-07T23:53:37.209824,0,0
2025-05-07T23:53:38.112518,0,0
2025-05-07T23:53:38.767835,0,0
2025-05-07T23:53:39.211838,0,0
2025-05-07T23:53:40.116274,0,0
2025-05-07T23:53:40.769825,0,0
2025-05-07T23:53:41.215191,0,0
2025-05-07T23:53:42.118261,0,0
2025-05-07T23:53:42.771188,0,0
2025-05-07T23:53:43.217709,0,0
2025-05-07T23:53:44.120849,0,0
2025-05-07T23:53:44.774141,0,0
2025-05-07T23:53:45.219673,0,0
2025-05-07T23:53:46.123542,0,0
2025-05-07T23:53:46.776177,0,0
2025-05-07T23:53:47.221875,0,0
2025-05-07T23:53:48.125834,0,0
2025-05-07T23:53:48.778889,0,0
2025-05-07T23:53:49.224634,0,0
2025-05-07T23:53:50.128721,0,0
2025-05-07T23:53:50.782084,0,0
2025-05-07T23:53:51.227182,0,0
2025-05-07T23:53:52.131369,0,0
2025-05-07T23:53:52.784965,0,0
2025-05-07T23:53:53.229467,0,0
2025-05-07T23:53:54.134599,0,0
2025-05-07T23:53:54.787922,0,0
2025-05-07T23:53:55.233156,0,0
2025-05-07T23:53:56.139164,0,0
2025-05-07T23:53:56.796847,0,0
2025-05-07T23:53:57.236192,0,0
2025-05-07T23:53:58.139952,0,0
2025-05-07T23:53:58.796953,0,0
2025-05-07T23:53:59.238766,0,0
2025-05-07T23:54:00.143623,0,0
2025-05-07T23:54:00.798996,0,0
2025-05-07T23:54:01.241884,0,0
2025-05-07T23:54:02.145558,0,0
2025-05-07T23:54:02.802596,0,0
2025-05-07T23:54:03.246558,0,0
2025-05-07T23:54:04.150555,0,0
2025-05-07T23:54:04.806487,0,0
2025-05-07T23:54:05.248263,0,0
2025-05-07T23:54:06.154948,0,0
2025-05-07T23:54:06.808474,0,0
2025-05-07T23:54:07.251299,0,0
2025-05-07T23:54:08.155335,0,0
2025-05-07T23:54:08.810386,0,0
2025-05-07T23:54:09.252962,0,0
2025-05-07T23:54:10.158160,0,0
2025-05-07T23:54:10.812993,0,0
2025-05-07T23:54:11.254786,0,0
2025-05-07T23:54:12.161026,0,0
2025-05-07T23:54:12.816080,0,0
2025-05-07T23:54:13.258088,0,0
2025-05-07T23:54:14.163495,0,0
2025-05-07T23:54:14.818104,0,0
2025-05-07T23:54:15.259890,0,0
2025-05-07T23:54:16.166535,0,0
2025-05-07T23:54:16.819897,0,0
2025-05-07T23:54:17.261524,0,0
2025-05-07T23:54:18.168569,0,0
2025-05-07T23:54:18.823903,0,0
2025-05-07T23:54:19.265404,0,0
2025-05-07T23:54:20.174348,0,0
2025-05-07T23:54:20.827552,0,0
2025-05-07T23:54:21.274600,0,0
2025-05-07T23:54:22.176243,0,0
2025-05-07T23:54:22.829229,0,0
2025-05-07T23:54:23.272483,0,0
2025-05-07T23:54:24.179497,0,0
2025-05-07T23:54:24.832483,0,0
2025-05-07T23:54:25.274996,0,0
2025-05-07T23:54:26.181728,0,0
2025-05-07T23:54:26.834748,0,0
2025-05-07T23:54:27.277082,0,0
2025-05-07T23:54:28.184796,0,0
2025-05-07T23:54:28.838124,0,0
2025-05-07T23:54:29.279347,0,0
2025-05-07T23:54:30.190415,0,0
2025-05-07T23:54:30.842439,0,0
2025-05-07T23:54:31.282911,0,0
